Date,Open,High,Low,Close,Variation,Volume
1998-03-23 00:00:00,4.02,4.1,4.02,4.1,1.990049751243772,4832.0
1998-03-27 00:00:00,4.5,4.5,4.5,4.5,0.0,450.0
1998-04-01 00:00:00,4.94,4.94,4.94,4.94,0.0,494.0
1998-04-02 00:00:00,5.0,5.0,5.0,5.0,0.0,1000.0
1998-04-03 00:00:00,5.25,5.25,5.25,5.25,0.0,525.0
1998-04-15 00:00:00,5.5,5.5,5.5,5.5,0.0,1650.0
1998-04-20 00:00:00,5.0,5.0,5.0,5.0,0.0,2500.0
1998-04-22 00:00:00,4.6,4.6,4.6,4.6,0.0,8740.0
1998-04-23 00:00:00,4.6,4.6,4.6,4.6,0.0,4600.0
1998-05-06 00:00:00,4.6,4.6,4.6,4.6,0.0,460.0
1998-05-07 00:00:00,4.6,4.6,4.6,4.6,0.0,460.0
1998-05-12 00:00:00,5.1,5.1,4.6,4.6,-9.80392156862745,2810.0
1998-05-13 00:00:00,4.5,4.5,4.5,4.5,0.0,13500.0
1998-05-20 00:00:00,4.5,4.5,4.5,4.5,0.0,26100.0
1998-05-28 00:00:00,5.85,5.85,5.85,5.85,0.0,2925.0
1998-06-16 00:00:00,5.3,5.3,5.3,5.3,0.0,530.0
1998-06-30 00:00:00,3.45,3.45,3.45,3.45,0.0,1035.0
1998-07-02 00:00:00,3.45,3.45,3.45,3.45,0.0,345.0
1998-07-06 00:00:00,3.51,3.51,3.51,3.51,0.0,2808.0
1998-07-24 00:00:00,3.5,3.5,3.5,3.5,0.0,350.0
1998-07-27 00:00:00,3.5,3.5,3.5,3.5,0.0,1750.0
1998-07-31 00:00:00,3.8,3.8,3.8,3.8,0.0,380.0
1998-08-04 00:00:00,3.5,3.5,3.5,3.5,0.0,2100.0
1998-08-05 00:00:00,3.78,3.78,3.78,3.78,0.0,378.0
1998-08-21 00:00:00,3.5,3.5,3.5,3.5,0.0,350.0
1998-08-31 00:00:00,4.5,4.5,4.5,4.5,0.0,2250.0
1998-12-01 00:00:00,2.5,2.5,2.5,2.5,0.0,50000.0
1998-12-03 00:00:00,2.5,2.5,2.5,2.5,0.0,1500.0
1998-12-04 00:00:00,2.72,2.72,2.72,2.72,0.0,42704.0
1998-12-07 00:00:00,2.7,2.7,2.7,2.7,0.0,47250.0
1998-12-08 00:00:00,2.7,2.7,2.7,2.7,0.0,2970.0
1998-12-23 00:00:00,3.0,3.0,3.0,3.0,0.0,300.0
1998-12-28 00:00:00,3.2,3.2,3.2,3.2,0.0,320.0
1999-01-06 00:00:00,3.5,3.5,3.5,3.5,0.0,350.0
1999-01-22 00:00:00,2.7,2.7,2.7,2.7,0.0,2970.0
1999-03-12 00:00:00,2.75,2.8,2.75,2.8,1.8181818181818077,1105.0
1999-03-22 00:00:00,3.5,3.5,3.5,3.5,0.0,1750.0
1999-03-23 00:00:00,3.5,3.5,3.5,3.5,0.0,1050.0
1999-03-26 00:00:00,3.45,3.45,3.45,3.45,0.0,690.0
1999-03-29 00:00:00,3.0,3.0,3.0,3.0,0.0,3000.0
1999-04-07 00:00:00,3.0,3.0,3.0,3.0,0.0,300.0
1999-04-08 00:00:00,3.0,3.5,3.0,3.5,16.666666666666675,1350.0
1999-04-13 00:00:00,3.0,3.0,3.0,3.0,0.0,900.0
1999-04-16 00:00:00,2.8,2.8,2.8,2.8,0.0,280.0
1999-04-19 00:00:00,2.8,2.8,2.8,2.8,0.0,5600.0
1999-04-20 00:00:00,2.7,3.0,2.7,3.0,11.111111111111093,870.0
1999-04-26 00:00:00,3.25,3.25,3.25,3.25,0.0,1625.0
1999-04-28 00:00:00,3.25,3.25,3.25,3.25,0.0,650.0
1999-04-29 00:00:00,3.5,3.5,3.25,3.25,-7.14285714285714,2025.0
1999-05-17 00:00:00,3.25,3.25,3.25,3.25,0.0,325.0
1999-06-10 00:00:00,3.25,3.25,3.25,3.25,0.0,2275.0
1999-06-11 00:00:00,3.4,3.4,3.4,3.4,0.0,2040.0
1999-06-14 00:00:00,3.5,3.5,3.5,3.5,0.0,700.0
1999-06-15 00:00:00,3.4,3.4,3.4,3.4,0.0,1020.0
1999-07-08 00:00:00,3.4,3.4,3.4,3.4,0.0,340.0
1999-09-01 00:00:00,3.39,3.39,3.39,3.39,0.0,13221.0
1999-09-13 00:00:00,2.8,2.8,2.8,2.8,0.0,280.0
1999-09-14 00:00:00,2.9,2.9,2.9,2.9,0.0,290.0
1999-09-16 00:00:00,2.8,2.8,2.8,2.8,0.0,7840.0
1999-09-17 00:00:00,2.8,2.8,2.8,2.8,0.0,280.0
1999-09-20 00:00:00,2.7,2.7,2.7,2.7,0.0,1890.0
1999-09-22 00:00:00,2.7,2.7,2.7,2.7,0.0,2160.0
1999-09-28 00:00:00,2.5,2.75,2.5,2.75,10.000000000000009,18325.0
1999-09-30 00:00:00,2.75,2.75,2.75,2.75,0.0,275.0
1999-10-04 00:00:00,2.75,2.75,2.75,2.75,0.0,1100.0
1999-10-08 00:00:00,2.61,2.61,2.61,2.61,0.0,261.0
1999-10-27 00:00:00,2.6,2.6,2.6,2.6,0.0,780.0
1999-11-03 00:00:00,3.0,3.0,3.0,3.0,0.0,900.0
1999-11-09 00:00:00,3.3,3.4,3.3,3.4,3.0303030303030276,7130.0
1999-11-10 00:00:00,3.45,3.6,3.45,3.6,4.347826086956519,8030.0
1999-11-11 00:00:00,3.5,3.5,3.5,3.5,0.0,1050.0
1999-11-16 00:00:00,3.3,3.3,3.3,3.3,0.0,330.0
1999-11-23 00:00:00,3.5,3.5,3.5,3.5,0.0,350.0
1999-11-25 00:00:00,3.5,3.5,3.4,3.4,-2.857142857142858,690.0
1999-11-26 00:00:00,3.5,3.5,3.5,3.5,0.0,350.0
1999-12-02 00:00:00,3.7,4.0,3.7,4.0,8.108108108108091,2770.0
1999-12-10 00:00:00,3.74,3.74,3.74,3.74,0.0,4114.0
1999-12-14 00:00:00,3.74,3.74,3.74,3.74,0.0,374.0
1999-12-16 00:00:00,3.76,3.76,3.76,3.76,0.0,752.0
2000-02-11 00:00:00,4.5,4.5,4.5,4.5,0.0,2250.0
2000-02-21 00:00:00,4.11,4.11,4.11,4.11,0.0,6576.0
2000-06-27 00:00:00,3.5,3.5,3.5,3.5,0.0,2100.0
2000-07-03 00:00:00,4.0,4.0,4.0,4.0,0.0,3600.0
2000-08-15 00:00:00,3.6,3.6,3.6,3.6,0.0,720.0
2000-08-21 00:00:00,3.94,3.94,3.94,3.94,0.0,788.0
2000-08-22 00:00:00,3.94,3.94,3.94,3.94,0.0,394.0
2000-01-04 00:00:00,4.01,4.01,4.01,4.01,0.0,1604.0
2000-01-14 00:00:00,4.0,4.0,4.0,4.0,0.0,400.0
2001-03-08 00:00:00,3.95,4.1,3.95,4.1,3.7974683544303556,1610.0
2001-03-12 00:00:00,4.09,4.09,4.09,4.09,0.0,1227.0
2001-03-14 00:00:00,3.1,3.1,3.1,3.1,0.0,310.0
2001-03-15 00:00:00,3.0,3.0,3.0,3.0,0.0,300.0
2001-04-06 00:00:00,2.35,2.35,2.35,2.35,0.0,235.0
2001-04-10 00:00:00,3.8,3.8,3.8,3.8,0.0,380.0
2001-06-18 00:00:00,3.48,3.48,3.48,3.48,0.0,348.0
2001-06-19 00:00:00,2.65,2.65,2.65,2.65,0.0,265.0
2001-06-25 00:00:00,3.49,3.5,3.49,3.5,0.2865329512893977,1049.0
2001-07-03 00:00:00,3.1,3.1,3.1,3.1,0.0,310.0
2001-07-06 00:00:00,3.0,3.3,3.0,3.3,9.999999999999986,2730.0
2001-07-27 00:00:00,3.15,3.15,3.15,3.15,0.0,315.0
2001-07-30 00:00:00,3.1,3.1,3.1,3.1,0.0,1550.0
2001-08-02 00:00:00,2.7,2.7,2.7,2.7,0.0,270.0
2001-09-20 00:00:00,3.04,3.04,3.04,3.04,0.0,1216.0
2001-12-10 00:00:00,3.1,3.1,3.1,3.1,0.0,310.0
2001-12-12 00:00:00,3.1,3.1,3.1,3.1,0.0,620.0
2001-12-19 00:00:00,3.1,3.1,3.1,3.1,0.0,1860.0
2001-12-21 00:00:00,3.1,3.1,3.1,3.1,0.0,1860.0
2002-03-04 00:00:00,2.01,2.1,2.01,2.1,4.47761194029852,1626.0
2002-03-14 00:00:00,3.1,3.1,3.1,3.1,0.0,310.0
2002-03-19 00:00:00,2.0,2.0,2.0,2.0,0.0,1000.0
2002-03-20 00:00:00,2.5,2.5,2.5,2.5,0.0,250.0
2002-03-27 00:00:00,1.9,1.9,1.81,1.81,-4.73684210526315,8497.0
2002-03-28 00:00:00,1.66,1.66,1.5,1.5,-9.638554216867467,7832.0
2002-04-03 00:00:00,1.5,1.5,1.5,1.5,0.0,150.0
2002-04-12 00:00:00,1.39,1.39,1.39,1.39,0.0,1390.0
2002-04-15 00:00:00,1.35,1.35,1.35,1.35,0.0,270.0
2002-08-13 00:00:00,1.4,1.4,1.4,1.4,0.0,140.0
2002-08-21 00:00:00,1.25,1.25,1.25,1.25,0.0,1250.0
2002-08-29 00:00:00,1.49,1.49,1.2,1.2,-19.463087248322154,10437.0
2002-08-30 00:00:00,1.2,1.2,1.2,1.2,0.0,480.0
2002-11-20 00:00:00,1.1,1.1,1.1,1.1,0.0,440.0
2002-11-28 00:00:00,1.1,1.1,1.1,1.1,0.0,1540.0
2002-12-02 00:00:00,1.05,1.05,1.05,1.05,0.0,210.0
2003-05-19 00:00:00,0.8,0.8,0.8,0.8,0.0,160.0
2003-05-30 00:00:00,0.81,0.81,0.81,0.81,0.0,324.0
2003-01-31 00:00:00,0.9,0.9,0.9,0.9,0.0,720.0
2003-07-02 00:00:00,1.1,1.1,1.1,1.1,0.0,2090.0
2003-08-15 00:00:00,1.1,1.1,1.1,1.1,0.0,1100.0
2003-08-18 00:00:00,1.12,1.15,1.12,1.15,2.678571428571419,3935.0
2003-08-20 00:00:00,1.1,1.1,1.1,1.1,0.0,1100.0
2003-08-22 00:00:00,1.12,1.29,1.12,1.29,15.17857142857142,1025.0
2003-09-17 00:00:00,1.7,1.7,1.7,1.7,0.0,33320.0
2003-11-19 00:00:00,1.7,1.7,1.5,1.5,-11.764705882352944,1000.0
2003-11-17 00:00:00,1.61,1.61,1.61,1.61,0.0,805.0
2003-12-02 00:00:00,1.69,1.69,1.69,1.69,0.0,169.0
2003-12-01 00:00:00,1.7,1.71,1.64,1.64,-3.529411764705881,7701.0
2003-12-16 00:00:00,1.5,1.5,1.5,1.5,0.0,1350.0
2003-12-08 00:00:00,1.5,1.5,1.5,1.5,0.0,1650.0
2003-12-23 00:00:00,1.5,1.5,1.5,1.5,0.0,1050.0
2003-12-18 00:00:00,1.5,1.5,1.5,1.5,0.0,15000.0
2003-12-17 00:00:00,1.7,1.7,1.7,1.7,0.0,170.0
2004-01-05 00:00:00,1.55,1.55,1.55,1.55,0.0,9455.0
2004-02-11 00:00:00,1.5,1.5,1.5,1.5,0.0,150.0
2004-02-05 00:00:00,1.5,1.5,1.5,1.5,0.0,150.0
2004-02-03 00:00:00,1.61,1.61,1.61,1.61,0.0,805.0
2004-01-13 00:00:00,1.61,1.61,1.61,1.61,0.0,1771.0
2004-01-12 00:00:00,1.5,1.5,1.5,1.5,0.0,300.0
2004-01-06 00:00:00,1.7,1.7,1.7,1.7,0.0,170.0
2004-03-05 00:00:00,1.9,1.9,1.7,1.7,-10.526315789473683,5480.0
2004-03-16 00:00:00,1.7,1.7,1.7,1.7,0.0,340.0
2004-03-18 00:00:00,1.6,1.6,1.6,1.6,0.0,160.0
2004-03-25 00:00:00,1.6,1.6,1.6,1.6,0.0,4480.0
2004-04-08 00:00:00,1.56,1.56,1.56,1.56,0.0,312.0
2004-04-28 00:00:00,1.54,1.54,1.54,1.54,0.0,308.0
2004-05-06 00:00:00,1.54,1.54,1.54,1.54,0.0,154.0
2004-05-07 00:00:00,1.54,1.54,1.54,1.54,0.0,2618.0
2004-06-14 00:00:00,1.6,1.6,1.6,1.6,0.0,160.0
2004-07-01 00:00:00,1.6,1.6,1.6,1.6,0.0,160.0
2004-09-10 00:00:00,2.0,2.0,2.0,2.0,0.0,200.0
2004-09-06 00:00:00,1.99,1.99,1.99,1.99,0.0,398.0
2004-09-03 00:00:00,1.96,1.96,1.96,1.96,0.0,980.0
2004-08-20 00:00:00,1.94,1.94,1.94,1.94,0.0,970.0
2004-08-09 00:00:00,2.0,2.0,2.0,2.0,0.0,200.0
2004-08-04 00:00:00,2.0,2.0,2.0,2.0,0.0,400.0
2004-10-19 00:00:00,1.63,1.63,1.62,1.62,-0.6134969325153228,7162.0
2004-09-28 00:00:00,1.61,1.61,1.61,1.61,0.0,161.0
2004-10-29 00:00:00,1.65,1.65,1.65,1.65,0.0,10560.0
2004-10-28 00:00:00,1.65,1.65,1.65,1.65,0.0,5280.0
2004-10-27 00:00:00,1.65,1.65,1.65,1.65,0.0,2310.0
2004-11-18 00:00:00,1.65,1.65,1.65,1.65,0.0,165.0
2004-11-12 00:00:00,1.6,1.6,1.6,1.6,0.0,160.0
2004-11-09 00:00:00,1.65,1.65,1.65,1.65,0.0,20625.0
2004-11-03 00:00:00,1.65,1.65,1.65,1.65,0.0,825.0
2004-11-01 00:00:00,1.65,1.65,1.65,1.65,0.0,16500.0
2004-12-14 00:00:00,1.63,1.63,1.63,1.63,0.0,15322.0
2004-12-07 00:00:00,1.6,1.6,1.6,1.6,0.0,1920.0
2004-12-29 00:00:00,1.65,1.65,1.6,1.6,-3.0303030303030165,6261.0
2004-12-28 00:00:00,1.65,1.65,1.65,1.65,0.0,1650.0
2004-12-27 00:00:00,1.65,1.65,1.65,1.65,0.0,495.0
2005-01-03 00:00:00,1.65,1.65,1.65,1.65,0.0,4950.0
2005-01-11 00:00:00,1.65,1.65,1.65,1.65,0.0,165.0
2005-01-18 00:00:00,2.0,2.0,1.9,1.9,-5.000000000000004,390.0
2005-01-19 00:00:00,1.9,1.9,1.9,1.9,0.0,4370.0
2005-01-20 00:00:00,1.95,1.95,1.95,1.95,0.0,585.0
2005-01-28 00:00:00,1.6,1.6,1.6,1.6,0.0,3200.0
2005-02-18 00:00:00,1.88,1.89,1.88,1.89,0.5319148936170137,2633.0
2005-02-21 00:00:00,1.9,1.9,1.9,1.9,0.0,190.0
2005-02-23 00:00:00,1.62,1.62,1.62,1.62,0.0,3240.0
2005-03-03 00:00:00,1.62,1.62,1.62,1.62,0.0,810.0
2005-03-21 00:00:00,1.88,1.88,1.88,1.88,0.0,940.0
2005-04-22 00:00:00,1.85,1.85,1.85,1.85,0.0,185.0
2005-04-27 00:00:00,1.84,1.84,1.84,1.84,0.0,552.0
2005-05-05 00:00:00,1.4,1.4,1.4,1.4,0.0,980.0
2005-05-12 00:00:00,1.41,1.41,1.41,1.41,0.0,423.0
2005-05-19 00:00:00,1.45,1.45,1.45,1.45,0.0,290.0
2005-05-23 00:00:00,1.4,1.4,1.4,1.4,0.0,420.0
2005-05-24 00:00:00,1.34,1.34,1.34,1.34,0.0,3350.0
2005-06-01 00:00:00,1.4,1.4,1.4,1.4,0.0,9940.0
2005-06-03 00:00:00,1.43,1.43,1.43,1.43,0.0,286.0
2005-06-08 00:00:00,1.35,1.35,1.35,1.35,0.0,135.0
2005-06-17 00:00:00,1.45,1.45,1.45,1.45,0.0,7250.0
2005-06-20 00:00:00,1.49,1.49,1.49,1.49,0.0,298.0
2005-06-23 00:00:00,1.4,1.4,1.4,1.4,0.0,2800.0
2005-06-24 00:00:00,1.4,1.4,1.4,1.4,0.0,5600.0
2005-06-28 00:00:00,1.44,1.44,1.44,1.44,0.0,144.0
2005-06-29 00:00:00,1.4,1.4,1.4,1.4,0.0,5600.0
2005-07-13 00:00:00,1.4,1.4,1.4,1.4,0.0,7000.0
2005-07-15 00:00:00,1.44,1.44,1.44,1.44,0.0,432.0
2005-07-21 00:00:00,1.4,1.4,1.4,1.4,0.0,280.0
2005-07-27 00:00:00,1.26,1.26,1.26,1.26,0.0,630.0
2005-08-03 00:00:00,1.4,1.4,1.4,1.4,0.0,700.0
2005-08-10 00:00:00,1.4,1.4,1.4,1.4,0.0,14000.0
2005-08-12 00:00:00,1.41,1.41,1.41,1.41,0.0,282.0
2005-08-24 00:00:00,1.25,1.25,1.25,1.25,0.0,375.0
2005-08-25 00:00:00,1.2,1.2,1.2,1.2,0.0,240.0
2005-09-23 00:00:00,1.23,1.23,1.23,1.23,0.0,123.0
2005-10-07 00:00:00,1.4,1.4,1.4,1.4,0.0,140.0
2005-10-27 00:00:00,1.25,1.25,1.25,1.25,0.0,125.0
2005-11-01 00:00:00,1.3,1.3,1.3,1.3,0.0,6500.0
2005-11-18 00:00:00,1.45,1.45,1.45,1.45,0.0,1450.0
2005-11-22 00:00:00,1.5,1.5,1.5,1.5,0.0,750.0
2005-11-23 00:00:00,1.6,1.6,1.6,1.6,0.0,1600.0
2005-11-29 00:00:00,1.4,1.4,1.4,1.4,0.0,420.0
2005-12-12 00:00:00,1.3,1.3,1.3,1.3,0.0,11310.0
2005-12-29 00:00:00,1.1,1.1,1.1,1.1,0.0,220.0
2006-01-05 00:00:00,1.12,1.12,1.12,1.12,0.0,5600.0
2006-01-06 00:00:00,1.15,1.21,1.15,1.21,5.21739130434784,16110.0
2006-01-10 00:00:00,1.3,1.3,1.3,1.3,0.0,650.0
2006-01-11 00:00:00,1.3,1.53,1.3,1.53,17.692307692307697,2481.0
2006-01-12 00:00:00,1.58,1.58,1.58,1.58,0.0,2844.0
2006-01-13 00:00:00,1.79,1.79,1.75,1.75,-2.2346368715083775,704.0
2006-01-16 00:00:00,1.43,1.43,1.43,1.43,0.0,3289.0
2006-02-08 00:00:00,1.55,1.55,1.55,1.55,0.0,620.0
2006-02-17 00:00:00,1.5,1.5,1.5,1.5,0.0,1650.0
2006-02-22 00:00:00,1.55,1.55,1.55,1.55,0.0,465.0
2006-02-24 00:00:00,1.23,1.23,1.23,1.23,0.0,123.0
2006-03-06 00:00:00,1.23,1.23,1.23,1.23,0.0,738.0
2006-03-09 00:00:00,1.4,1.4,1.4,1.4,0.0,420.0
2006-03-10 00:00:00,1.4,1.4,1.4,1.4,0.0,840.0
2006-03-16 00:00:00,1.36,1.36,1.36,1.36,0.0,408.0
2006-03-21 00:00:00,1.4,1.4,1.36,1.36,-2.857142857142847,2080.0
2006-03-23 00:00:00,1.36,1.36,1.36,1.36,0.0,272.0
2006-03-27 00:00:00,1.53,1.53,1.53,1.53,0.0,153.0
2006-03-31 00:00:00,1.5,1.5,1.5,1.5,0.0,150.0
2006-04-06 00:00:00,1.58,1.6,1.58,1.6,1.2658227848101333,318.0
2006-04-17 00:00:00,1.6,1.6,1.6,1.6,0.0,320.0
2006-04-24 00:00:00,1.2,1.2,1.2,1.2,0.0,240.0
2006-05-05 00:00:00,1.4,1.45,1.4,1.45,3.571428571428581,1125.0
2006-05-15 00:00:00,1.49,1.49,1.49,1.49,0.0,298.0
2006-05-16 00:00:00,1.2,1.2,1.16,1.16,-3.3333333333333326,11660.0
2006-05-19 00:00:00,1.2,1.2,1.2,1.2,0.0,480.0
2006-05-22 00:00:00,1.2,1.2,1.19,1.19,-0.8333333333333304,478.0
2006-05-29 00:00:00,1.34,1.34,1.34,1.34,0.0,1340.0
2006-06-02 00:00:00,1.39,1.39,1.39,1.39,0.0,417.0
2006-06-06 00:00:00,1.39,1.39,1.39,1.39,0.0,278.0
2006-06-09 00:00:00,1.21,1.21,1.21,1.21,0.0,121.0
2006-06-13 00:00:00,1.1,1.1,0.95,0.95,-13.636363636363647,515.0
2006-06-19 00:00:00,1.3,1.3,1.3,1.3,0.0,650.0
2006-06-21 00:00:00,1.3,1.3,1.25,1.25,-3.8461538461538547,1925.0
2006-06-23 00:00:00,1.28,1.28,1.28,1.28,0.0,640.0
2006-06-28 00:00:00,1.3,1.3,1.3,1.3,0.0,390.0
2006-06-30 00:00:00,1.29,1.29,1.29,1.29,0.0,1419.0
2006-07-12 00:00:00,1.1,1.1,1.1,1.1,0.0,1100.0
2006-07-17 00:00:00,1.39,1.39,1.39,1.39,0.0,278.0
2006-07-18 00:00:00,1.39,1.39,1.39,1.39,0.0,278.0
2006-07-24 00:00:00,1.39,1.39,1.39,1.39,0.0,1390.0
2006-07-25 00:00:00,1.39,1.39,1.39,1.39,0.0,695.0
2006-08-02 00:00:00,1.4,1.4,1.4,1.4,0.0,1400.0
2006-08-09 00:00:00,1.4,1.4,1.4,1.4,0.0,700.0
2006-08-11 00:00:00,1.4,1.4,1.4,1.4,0.0,700.0
2006-08-24 00:00:00,1.51,1.51,1.51,1.51,0.0,151.0
2006-08-31 00:00:00,1.3,1.3,1.3,1.3,0.0,1040.0
2006-10-30 00:00:00,1.3,1.3,1.3,1.3,0.0,650.0
2006-11-08 00:00:00,1.31,1.31,1.31,1.31,0.0,131.0
2006-11-10 00:00:00,1.43,1.43,1.42,1.43,0.0,428.0
2006-12-05 00:00:00,1.4,1.4,1.4,1.4,0.0,420.0
2006-12-13 00:00:00,1.66,1.66,1.66,1.66,0.0,1660.0
2006-12-15 00:00:00,1.65,1.65,1.65,1.65,0.0,2640.0
2006-12-18 00:00:00,1.7,1.7,1.7,1.7,0.0,850.0
2006-12-19 00:00:00,1.99,1.99,1.72,1.72,-13.567839195979904,1511.0
2007-01-12 00:00:00,2.0,2.8,2.0,2.8,39.99999999999999,6139.0
2007-01-15 00:00:00,3.0,3.1,2.75,2.75,-8.333333333333337,7794.0
2007-01-16 00:00:00,2.6,2.6,2.6,2.6,0.0,520.0
2007-01-19 00:00:00,2.95,2.95,2.95,2.95,0.0,1475.0
2007-01-22 00:00:00,3.2,3.2,3.2,3.2,0.0,320.0
2007-02-05 00:00:00,3.2,3.2,3.2,3.2,0.0,320.0
2007-02-07 00:00:00,3.3,3.3,3.3,3.3,0.0,330.0
2007-02-14 00:00:00,3.3,3.49,3.3,3.49,5.757575757575761,1669.0
2007-02-21 00:00:00,3.29,3.29,3.29,3.29,0.0,329.0
2007-03-01 00:00:00,2.71,2.71,2.71,2.71,0.0,271.0
2007-03-02 00:00:00,3.25,3.25,3.25,3.25,0.0,325.0
2007-03-06 00:00:00,6.9,7.48,5.5,5.5,-20.28985507246377,18077.0
2007-03-07 00:00:00,5.0,5.01,5.0,5.0,0.0,2001.0
2007-03-08 00:00:00,4.1,4.1,4.0,4.0,-2.4390243902438935,2820.0
2007-03-09 00:00:00,3.71,3.71,3.71,3.71,0.0,1855.0
2007-03-12 00:00:00,3.9,3.9,3.9,3.9,0.0,390.0
2007-03-16 00:00:00,3.9,3.9,3.9,3.9,0.0,390.0
2007-03-27 00:00:00,3.51,3.51,3.51,3.51,0.0,2106.0
2007-03-29 00:00:00,3.5,3.5,3.5,3.5,0.0,350.0
2007-04-02 00:00:00,3.01,3.01,3.01,3.01,0.0,602.0
2007-04-04 00:00:00,3.5,3.5,3.5,3.5,0.0,350.0
2007-04-20 00:00:00,3.83,3.98,3.83,3.98,3.9164490861618884,8058.0
2007-05-02 00:00:00,3.25,3.28,3.25,3.28,0.9230769230769154,1631.0
2007-05-03 00:00:00,3.31,4.0,3.3,4.0,20.84592145015105,22806.0
2007-05-04 00:00:00,4.0,4.13,3.99,4.13,3.2499999999999973,8925.0
2007-05-07 00:00:00,4.18,4.21,4.18,4.21,0.7177033492822948,7149.0
2007-05-08 00:00:00,4.2,4.2,4.2,4.2,0.0,1680.0
2007-05-09 00:00:00,4.3,4.41,4.2,4.2,-2.3255813953488302,25941.0
2007-05-10 00:00:00,4.0,4.0,4.0,4.0,0.0,400.0
2007-05-11 00:00:00,4.3,4.3,4.3,4.3,0.0,4730.0
2007-05-15 00:00:00,4.2,4.75,4.2,4.2,0.0,10219.0
2007-05-16 00:00:00,4.0,5.75,4.0,5.4,35.00000000000001,80799.0
2007-05-17 00:00:00,5.6,6.1,5.01,5.09,-9.107142857142858,51988.0
2007-05-18 00:00:00,5.1,5.45,5.1,5.11,0.19607843137257053,1566.0
2007-05-21 00:00:00,5.0,5.77,4.86,4.86,-2.7999999999999914,21718.0
2007-05-23 00:00:00,4.8,4.8,4.6,4.6,-4.166666666666674,9362.0
2007-05-24 00:00:00,4.75,4.75,4.75,4.75,0.0,4750.0
2007-05-25 00:00:00,4.75,4.75,4.75,4.75,0.0,8550.0
2007-05-28 00:00:00,4.75,4.88,4.5,4.5,-5.263157894736848,6913.0
2007-05-29 00:00:00,4.9,4.9,4.9,4.9,0.0,490.0
2007-05-30 00:00:00,4.87,4.87,4.87,4.87,0.0,487.0
2007-05-31 00:00:00,4.4,4.4,4.4,4.4,0.0,4400.0
2007-06-01 00:00:00,4.89,4.89,4.89,4.89,0.0,489.0
2007-06-05 00:00:00,4.26,4.32,4.0,4.3,0.9389671361502261,24302.0
2007-06-06 00:00:00,4.3,4.3,4.2,4.2,-2.3255813953488302,6350.0
2007-06-08 00:00:00,4.2,4.5,4.2,4.5,7.14285714285714,4700.0
2007-06-11 00:00:00,4.5,4.5,4.5,4.5,0.0,1350.0
2007-06-12 00:00:00,4.12,4.73,4.12,4.59,11.407766990291247,90790.0
2007-06-13 00:00:00,4.6,4.98,4.5,4.5,-2.1739130434782483,11878.0
2007-06-14 00:00:00,4.3,4.3,4.21,4.3,0.0,7290.0
2007-06-15 00:00:00,4.4,4.4,4.26,4.26,-3.1818181818181968,866.0
2007-06-18 00:00:00,4.1,4.12,4.01,4.05,-1.2195121951219523,18278.0
2007-06-19 00:00:00,4.01,4.01,4.0,4.0,-0.24937655860348684,88018.0
2007-06-20 00:00:00,4.29,4.29,3.98,3.98,-7.226107226107226,28510.0
2007-06-21 00:00:00,4.05,4.05,3.95,3.95,-2.4691358024691246,20154.0
2007-06-22 00:00:00,4.03,4.05,4.0,4.05,0.4962779156327368,34764.0
2007-06-25 00:00:00,4.05,4.05,3.9,3.9,-3.703703703703698,11505.0
2007-06-26 00:00:00,3.9,4.05,3.9,4.05,3.8461538461538547,22580.0
2007-06-27 00:00:00,4.19,4.28,4.0,4.01,-4.295942720763735,10599.0
2007-06-28 00:00:00,4.25,4.26,4.05,4.05,-4.705882352941182,19106.0
2007-06-29 00:00:00,4.19,4.3,4.1,4.1,-2.147971360381884,38027.0
2007-07-02 00:00:00,4.24,4.29,4.2,4.28,0.9433962264151052,81169.0
2007-07-03 00:00:00,4.3,4.4,4.02,4.02,-6.511627906976747,50182.0
2007-07-04 00:00:00,4.25,4.25,4.25,4.25,0.0,8925.0
2007-07-05 00:00:00,4.3,4.89,4.3,4.8,11.627906976744185,754250.0
2007-07-06 00:00:00,4.8,5.3,4.7,4.7,-2.083333333333326,507598.0
2007-07-10 00:00:00,4.5,4.5,4.3,4.3,-4.444444444444451,26472.0
2007-07-11 00:00:00,4.31,4.31,4.26,4.26,-1.1600928074245953,16338.0
2007-07-12 00:00:00,4.67,4.67,4.12,4.3,-7.922912205567457,33752.0
2007-07-13 00:00:00,4.4,4.45,4.32,4.4,0.0,54278.0
2007-07-17 00:00:00,4.5,4.59,4.44,4.44,-1.3333333333333197,47564.0
2007-07-18 00:00:00,4.35,4.35,4.35,4.35,0.0,435.0
2007-07-19 00:00:00,4.4,4.4,4.4,4.4,0.0,440.0
2007-07-20 00:00:00,4.39,4.39,4.39,4.39,0.0,439.0
2007-07-23 00:00:00,4.35,4.35,4.05,4.05,-6.896551724137923,8635.0
2007-07-24 00:00:00,4.05,4.1,3.7,3.73,-7.901234567901227,52129.0
2007-07-25 00:00:00,3.81,4.1,3.81,4.1,7.611548556430425,8147.0
2007-07-26 00:00:00,4.0,4.0,3.75,3.76,-6.000000000000005,10650.0
2007-07-30 00:00:00,3.8,3.99,3.8,3.95,3.9473684210526327,1174.0
2007-07-31 00:00:00,3.95,3.95,3.8,3.82,-3.2911392405063356,6935.0
2007-08-01 00:00:00,3.82,3.82,3.63,3.8,-0.5235602094240788,1505.0
2007-08-02 00:00:00,3.7,3.8,3.66,3.66,-1.0810810810810811,26091.0
2007-08-03 00:00:00,3.71,3.71,3.7,3.7,-0.26954177897573484,22218.0
2007-08-06 00:00:00,3.51,3.6,3.5,3.5,-0.2849002849002802,11068.0
2007-08-07 00:00:00,3.8,3.8,3.6,3.6,-5.263157894736836,27100.0
2007-08-08 00:00:00,4.19,4.19,4.0,4.0,-4.534606205250602,5009.0
2007-08-09 00:00:00,3.6,3.67,3.6,3.65,1.388888888888884,17482.0
2007-08-10 00:00:00,3.55,3.55,3.55,3.55,0.0,355.0
2007-08-13 00:00:00,3.51,3.51,3.51,3.51,0.0,3861.0
2007-08-14 00:00:00,3.5,3.5,3.5,3.5,0.0,4550.0
2007-08-15 00:00:00,3.65,3.65,3.65,3.65,0.0,365.0
2007-08-16 00:00:00,3.5,3.5,3.05,3.05,-12.857142857142867,22410.0
2007-08-17 00:00:00,2.81,3.1,2.8,3.1,10.320284697508896,7450.0
2007-08-21 00:00:00,3.15,3.15,2.95,3.0,-4.761904761904756,15190.0
2007-08-22 00:00:00,3.39,3.39,3.39,3.39,0.0,339.0
2007-08-23 00:00:00,3.35,3.35,3.35,3.35,0.0,1340.0
2007-08-24 00:00:00,3.4,3.5,3.4,3.5,2.941176470588247,3449.0
2007-08-27 00:00:00,3.49,3.49,3.25,3.39,-2.865329512893988,3326.0
2007-08-29 00:00:00,3.35,3.35,3.3,3.3,-1.4925373134328401,665.0
2007-08-30 00:00:00,3.2,3.2,3.2,3.2,0.0,960.0
2007-08-31 00:00:00,3.2,3.2,3.0,3.0,-6.25,9520.0
2007-09-03 00:00:00,3.05,3.05,3.05,3.05,0.0,15250.0
2007-09-04 00:00:00,3.11,3.11,3.11,3.11,0.0,3741.0
2007-09-11 00:00:00,3.15,3.15,3.0,3.0,-4.761904761904756,7950.0
2007-09-12 00:00:00,3.15,3.2,3.15,3.2,1.5873015873016039,12084.0
2007-09-17 00:00:00,2.95,3.0,2.95,3.0,1.6949152542372836,4475.0
2007-09-18 00:00:00,3.01,3.2,3.0,3.2,6.312292358803995,11842.0
2007-09-19 00:00:00,3.45,3.49,3.0,3.0,-13.043478260869568,5578.0
2007-09-20 00:00:00,3.1,3.1,3.1,3.1,0.0,6200.0
2007-09-26 00:00:00,3.0,3.0,3.0,3.0,0.0,2400.0
2007-09-27 00:00:00,3.1,3.1,2.9,2.94,-5.161290322580648,9123.0
2007-09-28 00:00:00,2.91,2.91,2.9,2.9,-0.3436426116838587,3191.0
2007-10-05 00:00:00,3.18,3.18,3.18,3.18,0.0,318.0
2007-10-09 00:00:00,3.17,3.19,3.05,3.1,-2.208201892744477,10627.0
2007-10-10 00:00:00,3.2,3.24,3.0,3.1,-3.125,1254.0
2007-10-15 00:00:00,3.0,3.28,3.0,3.25,8.333333333333325,13242.0
2007-10-16 00:00:00,3.23,3.23,3.23,3.23,0.0,1615.0
2007-10-17 00:00:00,3.24,3.3,3.24,3.3,1.8518518518518379,11768.0
2007-10-22 00:00:00,3.23,3.23,3.23,3.23,0.0,1938.0
2007-10-23 00:00:00,3.15,3.15,3.15,3.15,0.0,315.0
2007-10-25 00:00:00,3.23,3.23,3.23,3.23,0.0,323.0
2007-10-26 00:00:00,2.9,3.0,2.9,3.0,3.4482758620689724,3200.0
2007-10-30 00:00:00,3.0,3.0,3.0,3.0,0.0,300.0
2007-10-31 00:00:00,3.15,3.15,2.88,2.88,-8.571428571428575,918.0
2007-11-01 00:00:00,3.14,3.14,2.88,2.88,-8.280254777070073,6112.0
2007-11-05 00:00:00,3.0,3.0,3.0,3.0,0.0,300.0
2007-11-07 00:00:00,2.8,2.8,2.8,2.8,0.0,280.0
2007-11-08 00:00:00,2.8,2.8,2.63,2.8,0.0,8383.0
2007-11-09 00:00:00,2.8,2.8,2.8,2.8,0.0,8120.0
2007-11-12 00:00:00,2.8,2.8,2.8,2.8,0.0,560.0
2007-11-13 00:00:00,2.74,2.75,2.74,2.75,0.36496350364962904,2746.0
2007-11-14 00:00:00,2.8,2.8,2.8,2.8,0.0,280.0
2007-11-16 00:00:00,2.79,2.79,2.79,2.79,0.0,558.0
2007-11-19 00:00:00,2.65,2.73,2.63,2.73,3.018867924528301,5081.0
2007-11-21 00:00:00,2.4,2.49,2.31,2.32,-3.3333333333333326,4553.0
2007-11-22 00:00:00,2.4,2.5,2.4,2.5,4.166666666666674,2185.0
2007-11-23 00:00:00,2.5,2.5,2.5,2.5,0.0,500.0
2007-11-27 00:00:00,2.45,2.45,2.24,2.31,-5.714285714285716,11822.0
2007-11-28 00:00:00,2.4,2.5,2.4,2.5,4.166666666666674,490.0
2007-11-29 00:00:00,2.48,2.48,2.48,2.48,0.0,1240.0
2007-12-03 00:00:00,2.5,2.5,2.5,2.5,0.0,500.0
2007-12-04 00:00:00,2.5,2.69,2.5,2.69,7.600000000000007,3326.0
2007-12-05 00:00:00,2.69,2.7,2.69,2.7,0.3717472118959231,2964.0
2007-12-06 00:00:00,2.7,2.97,2.6,2.6,-3.703703703703709,8966.0
2007-12-07 00:00:00,2.5,2.75,2.5,2.75,10.000000000000009,11024.0
2007-12-10 00:00:00,2.77,2.77,2.77,2.77,0.0,277.0
2007-12-11 00:00:00,2.78,2.83,2.78,2.83,1.7985611510791477,3358.0
2007-12-12 00:00:00,2.93,4.2,2.8,3.89,32.76450511945392,215412.0
2007-12-13 00:00:00,4.0,4.3,3.05,3.11,-22.250000000000004,184763.0
2007-12-14 00:00:00,3.16,3.16,2.61,2.88,-8.860759493670889,17948.0
2007-12-17 00:00:00,2.7,2.7,2.6,2.6,-3.703703703703709,5675.0
2007-12-18 00:00:00,2.61,2.95,2.57,2.65,1.5325670498084198,33793.0
2007-12-19 00:00:00,2.7,2.88,2.7,2.7,0.0,3258.0
2007-12-20 00:00:00,2.85,2.9,2.61,2.61,-8.421052631578952,8191.0
2007-12-21 00:00:00,2.61,2.61,2.54,2.54,-2.6819923371647403,2056.0
2007-12-26 00:00:00,2.7,2.7,2.7,2.7,0.0,540.0
2007-12-27 00:00:00,2.54,2.54,2.4,2.5,-1.5748031496062964,22644.0
2007-12-28 00:00:00,2.5,2.95,2.5,2.72,8.800000000000008,42324.0
2008-01-02 00:00:00,2.96,2.96,2.7,2.9,-2.0270270270270285,13144.0
2008-01-04 00:00:00,2.85,3.0,2.7,2.7,-5.263157894736836,22329.0
2008-01-07 00:00:00,2.6,2.99,2.6,2.99,15.000000000000014,9490.0
2008-01-08 00:00:00,2.74,2.74,2.74,2.74,0.0,1644.0
2008-01-09 00:00:00,2.7,2.7,2.7,2.7,0.0,540.0
2008-01-10 00:00:00,2.7,2.7,2.7,2.7,0.0,2700.0
2008-01-11 00:00:00,2.83,2.93,2.8,2.93,3.5335689045936425,4620.0
2008-01-14 00:00:00,2.79,2.8,2.67,2.67,-4.301075268817211,4043.0
2008-01-16 00:00:00,2.5,2.5,2.45,2.45,-1.9999999999999907,4215.0
2008-01-17 00:00:00,2.5,2.5,2.5,2.5,0.0,500.0
2008-01-18 00:00:00,2.5,2.5,2.47,2.47,-1.19999999999999,21392.0
2008-01-21 00:00:00,2.47,2.47,2.35,2.46,-0.4048582995951455,7981.0
2008-01-22 00:00:00,2.47,2.65,2.47,2.65,7.287449392712531,12777.0
2008-01-23 00:00:00,2.66,2.66,2.3,2.3,-13.533834586466176,5024.0
2008-01-24 00:00:00,2.5,2.5,2.5,2.5,0.0,1750.0
2008-01-28 00:00:00,2.5,2.5,2.5,2.5,0.0,500.0
2008-01-29 00:00:00,2.45,2.45,2.32,2.32,-5.3061224489796,1416.0
2008-01-31 00:00:00,2.35,2.49,2.05,2.46,4.680851063829783,15859.0
2008-02-07 00:00:00,2.21,2.3,2.21,2.25,1.8099547511312153,12066.0
2008-02-08 00:00:00,2.24,2.24,2.23,2.23,-0.44642857142858094,4470.0
2008-02-11 00:00:00,2.45,2.45,2.3,2.3,-6.122448979591855,958.0
2008-02-12 00:00:00,2.45,2.5,2.35,2.48,1.2244897959183598,7413.0
2008-02-13 00:00:00,2.4,2.4,2.4,2.4,0.0,8400.0
2008-02-14 00:00:00,2.23,2.23,2.23,2.23,0.0,223.0
2008-02-19 00:00:00,2.4,2.41,2.35,2.41,0.4166666666666874,3826.0
2008-02-20 00:00:00,2.65,3.0,2.5,2.62,-1.1320754716981019,36821.0
2008-02-21 00:00:00,2.6,2.6,2.6,2.6,0.0,260.0
2008-02-22 00:00:00,2.66,2.75,2.66,2.75,3.383458646616533,1360.0
2008-02-25 00:00:00,2.7,2.95,2.7,2.94,8.888888888888879,6704.0
2008-02-26 00:00:00,3.0,3.22,3.0,3.22,7.333333333333347,17245.0
2008-02-27 00:00:00,3.3,3.33,3.0,3.13,-5.151515151515151,32871.0
2008-02-28 00:00:00,3.01,3.01,2.8,2.8,-6.976744186046513,6402.0
2008-02-29 00:00:00,2.8,3.01,2.61,3.01,7.499999999999996,37873.0
2008-03-05 00:00:00,2.8,3.05,2.8,3.05,8.92857142857142,4794.0
2008-03-06 00:00:00,2.9,2.9,2.9,2.9,0.0,7250.0
2008-03-10 00:00:00,2.7,2.7,2.7,2.7,0.0,2685.0
2008-03-13 00:00:00,2.63,2.63,2.63,2.63,0.0,2630.0
2008-03-17 00:00:00,2.47,2.47,2.4,2.45,-0.8097165991902799,17186.0
2008-03-18 00:00:00,2.38,2.45,2.38,2.45,2.941176470588247,966.0
2008-03-19 00:00:00,2.36,2.36,2.12,2.16,-8.474576271186429,8460.0
2008-03-24 00:00:00,2.4,2.5,2.39,2.5,4.166666666666674,4327.0
2008-04-08 00:00:00,2.5,2.5,2.5,2.5,0.0,1000.0
2008-04-09 00:00:00,2.54,2.55,2.54,2.55,0.3937007874015741,509.0
2008-04-10 00:00:00,2.6,2.6,2.6,2.6,0.0,5720.0
2008-04-11 00:00:00,2.4,2.41,2.4,2.41,0.4166666666666874,962.0
2008-04-17 00:00:00,2.55,2.6,2.55,2.55,0.0,770.0
2008-04-18 00:00:00,2.59,2.65,2.59,2.65,2.316602316602312,524.0
2008-04-23 00:00:00,2.65,2.7,2.65,2.7,1.8867924528301883,4025.0
2008-04-24 00:00:00,2.6,2.6,2.55,2.55,-1.9230769230769384,515.0
2008-04-28 00:00:00,2.69,2.7,2.69,2.7,0.3717472118959231,2960.0
2008-04-29 00:00:00,2.55,2.55,2.5,2.5,-1.9607843137254832,755.0
2008-04-30 00:00:00,2.51,2.51,2.5,2.5,-0.3984063745019806,5004.0
2008-05-02 00:00:00,2.68,2.74,2.68,2.69,0.3731343283581934,26569.0
2008-05-05 00:00:00,2.45,2.45,2.45,2.45,0.0,245.0
2008-05-06 00:00:00,2.55,2.55,2.55,2.55,0.0,255.0
2008-05-08 00:00:00,2.65,2.65,2.65,2.65,0.0,1060.0
2008-05-13 00:00:00,2.79,2.85,2.79,2.85,2.1505376344086002,7022.0
2008-05-14 00:00:00,2.62,2.62,2.62,2.62,0.0,1834.0
2008-05-15 00:00:00,2.6,2.6,2.58,2.58,-0.7692307692307665,2586.0
2008-05-16 00:00:00,2.74,2.79,2.61,2.61,-4.744525547445266,15001.0
2008-05-20 00:00:00,2.68,2.9,2.68,2.9,8.208955223880587,4202.0
2008-05-21 00:00:00,2.99,2.99,2.86,2.86,-4.34782608695653,27290.0
2008-05-23 00:00:00,2.94,3.2,2.85,2.85,-3.0612244897959107,17651.0
2008-05-27 00:00:00,2.89,2.89,2.89,2.89,0.0,867.0
2008-05-28 00:00:00,3.05,3.18,2.9,3.18,4.262295081967227,24626.0
2008-05-29 00:00:00,3.18,3.49,3.15,3.15,-0.9433962264151052,27031.0
2008-05-30 00:00:00,3.1,3.2,3.1,3.2,3.2258064516129004,1250.0
2008-06-02 00:00:00,3.07,3.4,3.07,3.4,10.749185667752448,4869.0
2008-06-03 00:00:00,3.2,3.2,3.19,3.19,-0.31250000000000444,17905.0
2008-06-04 00:00:00,3.3,3.39,3.0,3.21,-2.7272727272727226,14150.0
2008-06-05 00:00:00,3.2,3.2,3.01,3.01,-5.937500000000007,7288.0
2008-06-06 00:00:00,3.18,3.18,3.18,3.18,0.0,318.0
2008-06-09 00:00:00,3.25,3.25,3.2,3.2,-1.538461538461533,1610.0
2008-06-11 00:00:00,3.25,3.3,3.25,3.3,1.538461538461533,3295.0
2008-06-12 00:00:00,3.5,3.8,3.3,3.3,-5.714285714285716,41432.0
2008-06-13 00:00:00,3.49,4.29,3.49,4.29,22.92263610315186,145234.0
2008-06-16 00:00:00,4.29,4.39,3.81,4.13,-3.7296037296037365,28925.0
2008-06-17 00:00:00,4.35,4.35,4.0,4.17,-4.137931034482756,36087.0
2008-06-18 00:00:00,3.81,4.19,3.8,4.19,9.973753280839915,11999.0
2008-06-19 00:00:00,3.95,3.95,3.95,3.95,0.0,395.0
2008-06-20 00:00:00,3.6,3.6,3.6,3.6,0.0,7200.0
2008-06-23 00:00:00,3.55,3.55,3.5,3.55,0.0,24050.0
2008-06-24 00:00:00,3.59,4.19,3.59,4.18,16.434540389972142,10887.0
2008-06-27 00:00:00,3.95,4.19,3.95,4.19,6.075949367088618,6607.0
2008-06-30 00:00:00,4.18,4.2,4.18,4.2,0.4784688995215447,1258.0
2008-07-01 00:00:00,4.14,4.14,3.85,3.85,-7.004830917874383,16841.0
2008-07-02 00:00:00,3.85,3.85,3.79,3.79,-1.558441558441559,58846.0
2008-07-03 00:00:00,3.72,3.72,3.72,3.72,0.0,1117.0
2008-07-04 00:00:00,3.66,3.66,3.66,3.66,0.0,20862.0
2008-07-07 00:00:00,3.73,3.73,3.73,3.73,0.0,20888.0
2008-07-10 00:00:00,3.84,3.84,3.75,3.75,-2.34375,4575.0
2008-07-11 00:00:00,3.6,3.6,3.6,3.6,0.0,360.0
2008-07-14 00:00:00,37.11,37.11,37.0,37.0,-0.29641606036108215,18521.0
2008-07-15 00:00:00,33.0,36.9,33.0,36.8,11.515151515151501,95470.0
2008-07-31 00:00:00,34.1,34.1,34.1,34.1,0.0,17050.0
2008-08-04 00:00:00,30.63,30.8,30.63,30.8,0.5550114267058426,12269.0
2008-08-06 00:00:00,37.69,37.69,37.69,37.69,0.0,3769.0
2008-08-07 00:00:00,39.0,39.0,37.69,37.69,-3.358974358974365,34052.0
2008-08-11 00:00:00,38.24,38.24,38.24,38.24,0.0,3824.0
2008-08-13 00:00:00,38.22,38.22,38.22,38.22,0.0,3822.0
2008-08-15 00:00:00,38.18,38.19,38.18,38.19,0.02619172341540299,22911.0
2008-08-19 00:00:00,38.15,38.15,36.0,38.0,-0.3931847968545177,25830.0
2008-08-20 00:00:00,38.14,38.14,38.14,38.14,0.0,7628.0
2008-08-25 00:00:00,38.15,38.15,38.15,38.15,0.0,7630.0
2008-08-26 00:00:00,38.17,38.17,37.99,37.99,-0.4715745349751055,19065.0
2008-08-27 00:00:00,37.99,37.99,37.99,37.99,0.0,3799.0
2008-08-28 00:00:00,37.5,37.99,37.5,37.99,1.3066666666666782,7549.0
2008-08-29 00:00:00,37.0,37.0,34.69,34.69,-6.243243243243246,14338.0
2008-09-09 00:00:00,33.0,33.0,33.0,33.0,0.0,9900.0
2008-09-16 00:00:00,31.0,31.0,31.0,31.0,0.0,3100.0
2008-09-19 00:00:00,38.11,47.8,38.11,47.8,25.426397271057468,20024.0
2008-09-23 00:00:00,45.39,45.39,45.39,45.39,0.0,4539.0
2008-09-24 00:00:00,39.99,39.99,39.99,39.99,0.0,3999.0
2008-10-06 00:00:00,29.99,29.99,29.99,29.99,0.0,5998.0
2008-10-14 00:00:00,30.0,30.0,30.0,30.0,0.0,15000.0
2008-10-17 00:00:00,30.0,38.5,30.0,38.5,28.333333333333343,6850.0
2008-10-24 00:00:00,27.0,38.5,27.0,38.5,42.59259259259258,6550.0
2008-11-07 00:00:00,33.05,33.05,33.05,33.05,0.0,3305.0
2008-11-18 00:00:00,32.0,34.0,32.0,34.0,6.25,13000.0
2008-12-04 00:00:00,34.0,34.0,34.0,34.0,0.0,13600.0
2008-12-05 00:00:00,33.89,33.89,33.89,33.89,0.0,13556.0
2008-12-10 00:00:00,35.0,35.0,35.0,35.0,0.0,3500.0
2008-12-11 00:00:00,35.5,35.5,35.5,35.5,0.0,17750.0
2008-12-18 00:00:00,37.0,37.0,37.0,37.0,0.0,3700.0
2009-02-17 00:00:00,37.0,37.0,37.0,37.0,0.0,303400.0
2009-04-15 00:00:00,38.0,38.0,38.0,38.0,0.0,3800.0
2009-04-20 00:00:00,38.89,38.89,38.89,38.89,0.0,3889.0
2009-04-24 00:00:00,38.0,38.0,38.0,38.0,0.0,45600.0
2009-04-27 00:00:00,38.0,38.0,38.0,38.0,0.0,3800.0
2009-05-11 00:00:00,35.0,35.1,35.0,35.1,0.28571428571428914,49060.0
2009-05-22 00:00:00,30.2,34.8,30.2,34.8,15.231788079470189,15843.0
2009-06-18 00:00:00,30.08,31.98,29.55,31.98,6.316489361702127,21367.0
2009-07-14 00:00:00,30.0,30.0,30.0,30.0,0.0,6000.0
2009-07-17 00:00:00,33.0,33.0,33.0,33.0,0.0,9900.0
2009-07-20 00:00:00,31.0,31.0,31.0,31.0,0.0,9300.0
2009-08-18 00:00:00,31.0,31.32,30.99,31.32,1.0322580645161228,21794.0
2009-08-19 00:00:00,33.99,33.99,33.99,33.99,0.0,6798.0
2009-08-20 00:00:00,34.48,34.48,34.48,34.48,0.0,3448.0
2009-08-21 00:00:00,34.5,34.5,34.5,34.5,0.0,13800.0
2009-09-04 00:00:00,37.0,37.0,34.5,34.5,-6.756756756756754,21700.0
2009-09-08 00:00:00,35.0,35.0,35.0,35.0,0.0,14000.0
2009-09-10 00:00:00,37.01,37.5,37.01,37.5,1.3239664955417618,26201.0
2009-11-06 00:00:00,36.99,36.99,36.99,36.99,0.0,3699.0
2009-11-18 00:00:00,35.49,35.49,35.49,35.49,0.0,3549.0
2009-11-25 00:00:00,35.49,35.49,35.49,35.49,0.0,7098.0
2009-11-26 00:00:00,35.0,35.0,35.0,35.0,0.0,3500.0
2009-12-01 00:00:00,35.0,35.0,35.0,35.0,0.0,3500.0
2009-12-07 00:00:00,35.0,35.0,35.0,35.0,0.0,7000.0
2009-12-14 00:00:00,39.99,39.99,39.99,39.99,0.0,3999.0
2009-12-18 00:00:00,39.0,39.9,39.0,39.9,2.3076923076922995,15690.0
2010-02-02 00:00:00,40.51,40.51,40.5,40.5,-0.024685262898049842,8101.0
2010-02-03 00:00:00,43.0,43.0,43.0,43.0,0.0,4300.0
2010-02-04 00:00:00,43.0,43.0,43.0,43.0,0.0,4300.0
2010-02-05 00:00:00,39.0,44.0,39.0,44.0,12.82051282051282,36104.0
2010-02-08 00:00:00,45.0,46.0,42.0,43.5,-3.3333333333333326,21851.0
2010-02-18 00:00:00,46.0,46.0,46.0,46.0,0.0,4600.0
2010-02-19 00:00:00,46.5,46.5,46.5,46.5,0.0,32550.0
2010-02-22 00:00:00,49.99,49.99,49.99,49.99,0.0,4999.0
2010-02-23 00:00:00,50.0,55.0,50.0,54.95,9.899999999999999,36940.0
2010-02-24 00:00:00,59.99,59.99,59.99,59.99,0.0,5999.0
2010-02-25 00:00:00,59.99,59.99,59.99,59.99,0.0,5999.0
2010-02-26 00:00:00,59.99,59.99,59.99,59.99,0.0,5999.0
2010-03-01 00:00:00,59.99,59.99,55.01,57.0,-4.98416402733789,39204.0
2010-03-02 00:00:00,57.0,57.0,55.0,55.0,-3.508771929824561,22201.0
2010-03-04 00:00:00,55.0,55.0,55.0,55.0,0.0,5500.0
2010-03-16 00:00:00,53.95,53.99,53.95,53.98,0.05560704355884738,26988.0
2010-03-19 00:00:00,50.0,50.0,50.0,50.0,0.0,55000.0
2010-03-23 00:00:00,50.0,50.0,50.0,50.0,0.0,30000.0
2010-04-01 00:00:00,47.0,47.0,47.0,47.0,0.0,23500.0
2010-04-06 00:00:00,47.0,47.0,47.0,47.0,0.0,4700.0
2010-04-15 00:00:00,44.0,44.0,44.0,44.0,0.0,13200.0
2010-04-16 00:00:00,42.0,42.0,42.0,42.0,0.0,4200.0
2010-04-27 00:00:00,42.0,42.0,42.0,42.0,0.0,4200.0
2010-04-28 00:00:00,42.0,42.0,42.0,42.0,0.0,4200.0
2010-05-05 00:00:00,41.0,41.0,41.0,41.0,0.0,4100.0
2010-05-07 00:00:00,41.0,41.0,41.0,41.0,0.0,4100.0
2010-05-14 00:00:00,41.0,41.0,41.0,41.0,0.0,8200.0
2010-05-18 00:00:00,41.0,41.0,41.0,41.0,0.0,4100.0
2010-05-21 00:00:00,40.01,40.01,40.01,40.01,0.0,8002.0
2010-05-25 00:00:00,40.0,40.0,40.0,40.0,0.0,4000.0
2010-05-26 00:00:00,39.0,39.0,39.0,39.0,0.0,3900.0
2010-05-27 00:00:00,40.0,40.0,40.0,40.0,0.0,4000.0
2010-06-01 00:00:00,40.0,40.0,40.0,40.0,0.0,16000.0
2010-06-08 00:00:00,40.0,40.0,40.0,40.0,0.0,12000.0
2010-06-09 00:00:00,40.0,40.0,40.0,40.0,0.0,12000.0
2010-06-10 00:00:00,47.0,47.0,43.0,43.0,-8.510638297872342,9000.0
2010-06-14 00:00:00,40.0,40.0,39.5,39.5,-1.2499999999999956,15950.0
2010-06-18 00:00:00,40.0,40.0,40.0,40.0,0.0,12000.0
2010-06-22 00:00:00,40.5,40.5,40.0,40.0,-1.2345679012345734,36150.0
2010-06-24 00:00:00,40.0,40.0,40.0,40.0,0.0,8000.0
2010-08-02 00:00:00,45.0,45.0,44.8,44.8,-0.4444444444444473,8980.0
2010-08-03 00:00:00,45.0,45.0,45.0,45.0,0.0,13500.0
2010-08-04 00:00:00,46.0,46.0,46.0,46.0,0.0,4600.0
2010-08-05 00:00:00,46.0,47.0,46.0,47.0,2.1739130434782705,9300.0
2010-08-06 00:00:00,48.0,51.89,48.0,51.89,8.104166666666668,14989.0
2010-08-09 00:00:00,47.48,47.52,47.48,47.51,0.06318449873630172,19003.0
2010-08-13 00:00:00,49.51,49.51,49.51,49.51,0.0,9902.0
2010-08-16 00:00:00,51.51,51.51,51.5,51.5,-0.019413706076487625,10301.0
2010-08-17 00:00:00,54.0,54.0,54.0,54.0,0.0,16200.0
2010-08-18 00:00:00,53.0,53.0,51.02,51.02,-3.7358490566037683,15702.0
2010-08-20 00:00:00,47.8,50.0,47.0,50.0,4.602510460251041,47850.0
2010-08-23 00:00:00,46.01,46.01,46.01,46.01,0.0,18404.0
2010-08-24 00:00:00,44.0,44.0,44.0,44.0,0.0,22000.0
2010-08-26 00:00:00,46.0,46.0,46.0,46.0,0.0,18400.0
2010-08-27 00:00:00,46.01,46.01,46.0,46.0,-0.02173440556400008,18402.0
2010-09-03 00:00:00,44.0,44.0,44.0,44.0,0.0,22000.0
2010-09-28 00:00:00,45.01,48.0,45.01,48.0,6.642968229282387,23351.0
2010-11-03 00:00:00,41.0,41.01,41.0,41.0,0.0,45103.0
2010-11-08 00:00:00,41.02,41.02,39.5,39.5,-3.705509507557292,20253.0
2010-11-11 00:00:00,39.0,40.0,39.0,40.0,2.564102564102555,7900.0
2010-11-30 00:00:00,40.0,40.0,35.2,35.2,-11.99999999999999,116712.0
2010-12-01 00:00:00,36.16,36.16,35.0,35.0,-3.207964601769897,52916.0
2010-12-09 00:00:00,35.99,36.0,35.99,36.0,0.027785495971088814,7199.0
2010-12-13 00:00:00,36.1,36.11,36.1,36.11,0.027700831024923822,36101.0
2010-12-20 00:00:00,36.0,36.0,35.3,35.3,-1.9444444444444486,43060.0
2010-12-29 00:00:00,36.94,40.0,36.94,40.0,8.283703302652956,57984.0
2010-12-30 00:00:00,40.0,42.0,40.0,41.5,3.750000000000009,16450.0
2011-01-03 00:00:00,40.0,40.0,40.0,40.0,0.0,8000.0
2011-01-04 00:00:00,40.0,40.0,40.0,40.0,0.0,20000.0
2011-01-05 00:00:00,40.0,40.0,39.5,39.5,-1.2499999999999956,27710.0
2011-01-06 00:00:00,37.14,38.2,37.07,38.0,2.3155627355950337,18748.0
2011-01-10 00:00:00,38.0,38.0,38.0,38.0,0.0,30400.0
2011-01-11 00:00:00,37.89,37.89,37.89,37.89,0.0,3789.0
2011-01-12 00:00:00,37.99,38.0,37.99,38.0,0.026322716504334487,15199.0
2011-01-13 00:00:00,38.0,38.0,37.5,37.5,-1.3157894736842146,18950.0
2011-01-14 00:00:00,38.0,38.0,38.0,38.0,0.0,3800.0
2011-01-17 00:00:00,37.9,37.9,37.9,37.9,0.0,26530.0
2011-01-19 00:00:00,38.5,39.4,38.5,39.4,2.3376623376623273,7790.0
2011-01-20 00:00:00,39.9,39.9,39.9,39.9,0.0,3990.0
2011-01-24 00:00:00,39.95,39.95,39.95,39.95,0.0,3995.0
2011-01-31 00:00:00,39.5,39.5,39.5,39.5,0.0,27650.0
2011-02-02 00:00:00,36.0,36.0,34.59,35.9,-0.2777777777777768,77418.0
2011-02-03 00:00:00,35.0,35.0,33.1,35.0,0.0,17120.0
2011-02-08 00:00:00,33.01,33.01,33.01,33.01,0.0,3301.0
2011-02-09 00:00:00,33.0,33.0,33.0,33.0,0.0,3300.0
2011-02-10 00:00:00,33.0,33.0,33.0,33.0,0.0,3300.0
2011-02-17 00:00:00,32.5,32.5,32.5,32.5,0.0,13000.0
2011-02-18 00:00:00,30.35,30.79,30.0,30.26,-0.29654036243822457,96837.0
2011-02-24 00:00:00,30.4,30.4,30.4,30.4,0.0,12160.0
2011-02-25 00:00:00,29.4,29.4,29.0,29.0,-1.3605442176870652,35000.0
2011-02-28 00:00:00,29.06,29.06,29.05,29.05,-0.034411562284919484,5811.0
2011-03-03 00:00:00,28.06,28.06,28.0,28.0,-0.2138275124732636,14017.0
2011-03-17 00:00:00,26.75,28.0,26.75,28.0,4.672897196261672,52285.0
2011-03-18 00:00:00,28.5,29.0,26.0,28.1,-1.4035087719298178,28008.0
2011-03-22 00:00:00,29.0,29.0,29.0,29.0,0.0,17400.0
2011-03-28 00:00:00,28.9,28.9,27.0,27.0,-6.57439446366782,52080.0
2011-03-29 00:00:00,27.0,27.0,27.0,27.0,0.0,13500.0
2011-03-31 00:00:00,27.0,27.0,27.0,27.0,0.0,16200.0
2011-04-04 00:00:00,27.0,27.0,27.0,27.0,0.0,16200.0
2011-04-05 00:00:00,27.0,27.0,26.99,27.0,0.0,16199.0
2011-04-06 00:00:00,27.0,27.0,27.0,27.0,0.0,10800.0
2011-04-07 00:00:00,27.0,27.0,26.5,26.5,-1.851851851851849,15950.0
2011-04-08 00:00:00,26.0,26.0,26.0,26.0,0.0,31200.0
2011-04-11 00:00:00,27.0,27.0,27.0,27.0,0.0,10800.0
2011-04-19 00:00:00,27.01,27.01,27.01,27.01,0.0,2701.0
2011-05-12 00:00:00,26.5,26.5,26.5,26.5,0.0,2650.0
2011-05-16 00:00:00,26.0,26.0,26.0,26.0,0.0,2600.0
2011-05-24 00:00:00,26.99,26.99,26.99,26.99,0.0,2699.0
2011-07-06 00:00:00,25.68,25.68,25.68,25.68,0.0,2568.0
2011-07-11 00:00:00,25.25,25.25,25.25,25.25,0.0,2525.0
2011-07-12 00:00:00,25.3,25.3,25.3,25.3,0.0,2530.0
2011-07-13 00:00:00,25.05,25.05,25.05,25.05,0.0,5010.0
2011-07-15 00:00:00,24.0,24.0,24.0,24.0,0.0,4800.0
2011-08-11 00:00:00,26.0,27.0,26.0,27.0,3.8461538461538547,13277.0
2011-08-23 00:00:00,25.98,25.98,25.98,25.98,0.0,2598.0
2011-08-24 00:00:00,26.43,26.43,26.43,26.43,0.0,5286.0
2011-09-02 00:00:00,29.97,29.97,29.97,29.97,0.0,2997.0
2011-09-22 00:00:00,27.0,27.0,27.0,27.0,0.0,13500.0
2011-09-30 00:00:00,27.01,27.01,27.01,27.01,0.0,2701.0
2011-10-03 00:00:00,26.51,26.51,26.51,26.51,0.0,2651.0
2011-11-03 00:00:00,29.48,29.5,29.48,29.5,0.06784260515604323,5898.0
2011-11-04 00:00:00,29.99,29.99,29.99,29.99,0.0,2999.0
2011-11-07 00:00:00,30.6,30.6,30.6,30.6,0.0,3060.0
2011-11-08 00:00:00,30.6,30.6,30.6,30.6,0.0,3060.0
2011-11-09 00:00:00,30.03,30.03,30.03,30.03,0.0,3003.0
2011-11-14 00:00:00,32.83,32.83,32.83,32.83,0.0,3283.0
2011-11-16 00:00:00,33.18,33.2,33.18,33.18,0.0,9956.0
2011-11-24 00:00:00,32.01,33.99,32.01,33.99,6.185567010309301,19800.0
2011-11-25 00:00:00,33.0,33.0,33.0,33.0,0.0,13200.0
2011-11-29 00:00:00,33.99,33.99,33.99,33.99,0.0,3399.0
2011-11-30 00:00:00,33.99,33.99,33.01,33.01,-2.883200941453379,43448.0
2011-12-01 00:00:00,33.02,33.02,33.02,33.02,0.0,3302.0
2011-12-06 00:00:00,33.1,33.1,33.0,33.0,-0.30211480362538623,29714.0
2011-12-21 00:00:00,33.0,33.0,33.0,33.0,0.0,9900.0
2011-12-29 00:00:00,33.95,35.0,33.95,35.0,3.092783505154628,10295.0
2012-01-09 00:00:00,34.97,34.97,34.97,34.97,0.0,3497.0
2012-02-14 00:00:00,33.08,33.08,33.08,33.08,0.0,3308.0
2012-02-15 00:00:00,29.77,29.77,29.7,29.7,-0.23513604299630897,17855.0
2012-03-02 00:00:00,30.7,30.7,30.7,30.7,0.0,15350.0
2012-05-30 00:00:00,29.9,29.9,29.9,29.9,0.0,5980.0
2012-08-09 00:00:00,25.87,25.87,25.87,25.87,0.0,2587.0
2012-08-31 00:00:00,22.5,22.5,22.5,22.5,0.0,2250.0
2012-09-05 00:00:00,20.3,20.3,20.3,20.3,0.0,4060.0
2012-09-06 00:00:00,20.01,20.01,20.0,20.0,-0.04997501249376368,6002.0
2012-09-11 00:00:00,20.0,20.0,20.0,20.0,0.0,24000.0
2012-09-18 00:00:00,20.62,20.62,20.62,20.62,0.0,4124.0
2012-09-19 00:00:00,20.63,21.0,20.02,20.02,-2.956858943286478,142488.0
2012-09-20 00:00:00,21.0,21.0,20.0,20.03,-4.6190476190476115,32130.0
2012-09-21 00:00:00,20.0,20.0,20.0,20.0,0.0,34000.0
2012-09-28 00:00:00,20.0,20.0,20.0,20.0,0.0,20000.0
2012-10-02 00:00:00,19.95,19.95,19.95,19.95,0.0,19950.0
2012-10-03 00:00:00,19.85,19.85,19.8,19.8,-0.25188916876575096,29725.0
2012-10-04 00:00:00,19.0,19.0,19.0,19.0,0.0,26600.0
2012-10-05 00:00:00,19.5,19.6,19.5,19.6,0.512820512820511,21490.0
2012-10-11 00:00:00,19.41,19.41,19.41,19.41,0.0,19410.0
2012-10-30 00:00:00,20.0,20.0,20.0,20.0,0.0,2000.0
2012-11-16 00:00:00,19.0,19.0,19.0,19.0,0.0,1900.0
2012-12-18 00:00:00,19.0,19.0,19.0,19.0,0.0,1900.0
2013-01-02 00:00:00,19.4,19.4,19.4,19.4,0.0,5820.0
2013-01-04 00:00:00,19.78,19.78,19.78,19.78,0.0,5934.0
2013-01-10 00:00:00,19.12,19.12,19.12,19.12,0.0,3824.0
2013-02-04 00:00:00,18.0,18.0,18.0,18.0,0.0,10800.0
2013-02-05 00:00:00,17.05,17.05,17.0,17.0,-0.2932551319648091,10212.0
2013-02-06 00:00:00,17.1,18.0,17.1,18.0,5.263157894736836,10350.0
2013-02-19 00:00:00,18.98,19.0,18.98,19.0,0.10537407797681642,3798.0
2013-02-20 00:00:00,19.03,19.03,19.03,19.03,0.0,1903.0
2013-02-21 00:00:00,21.94,21.95,21.94,21.95,0.04557885141294182,6583.0
2013-02-22 00:00:00,22.0,22.0,22.0,22.0,0.0,2200.0
2013-03-11 00:00:00,22.0,22.0,22.0,22.0,0.0,4400.0
2013-03-13 00:00:00,24.85,24.85,24.85,24.85,0.0,2485.0
2013-03-20 00:00:00,23.94,23.94,23.94,23.94,0.0,2394.0
2013-04-03 00:00:00,20.66,20.66,20.06,20.06,-2.9041626331074655,6138.0
2013-04-17 00:00:00,20.98,20.98,20.97,20.97,-0.04766444232603417,4195.0
2013-04-19 00:00:00,20.0,20.0,20.0,20.0,0.0,6000.0
2013-04-22 00:00:00,20.0,20.0,19.5,19.5,-2.500000000000002,11750.0
2013-05-15 00:00:00,21.01,21.01,21.01,21.01,0.0,2101.0
2013-05-21 00:00:00,21.05,21.05,21.05,21.05,0.0,4210.0
2013-05-22 00:00:00,21.0,21.0,21.0,21.0,0.0,4200.0
2013-06-04 00:00:00,20.01,21.0,20.01,21.0,4.94752623688155,8103.0
2013-06-11 00:00:00,21.05,21.05,21.05,21.05,0.0,6315.0
2013-06-12 00:00:00,19.6,19.6,19.6,19.6,0.0,9800.0
2013-06-19 00:00:00,19.1,19.1,19.1,19.1,0.0,28650.0
2013-07-02 00:00:00,19.1,19.1,19.1,19.1,0.0,3820.0
2013-08-16 00:00:00,20.01,20.01,20.01,20.01,0.0,14007.0
2013-08-26 00:00:00,23.51,24.89,23.51,24.89,5.869842620161636,11893.0
2013-08-28 00:00:00,29.0,29.0,28.79,28.79,-0.7241379310344853,5779.0
2013-11-19 00:00:00,28.77,28.77,28.77,28.77,0.0,2877.0
2013-12-16 00:00:00,28.74,28.74,28.74,28.74,0.0,2874.0
2014-02-07 00:00:00,27.0,27.0,27.0,27.0,0.0,2700.0
2014-02-24 00:00:00,28.08,28.08,28.08,28.08,0.0,5616.0
2014-03-05 00:00:00,25.01,25.01,25.0,25.01,0.0,12502.0
2014-03-10 00:00:00,25.11,25.11,25.0,25.0,-0.43807248108322927,40071.0
2014-03-19 00:00:00,25.08,25.08,25.08,25.08,0.0,5016.0
2014-03-27 00:00:00,25.05,25.05,25.05,25.05,0.0,2505.0
2014-03-28 00:00:00,25.07,25.07,25.07,25.07,0.0,2507.0
2014-04-01 00:00:00,24.38,24.38,24.38,24.38,0.0,2438.0
2014-04-02 00:00:00,24.41,24.41,24.41,24.41,0.0,2441.0
2014-04-15 00:00:00,25.2,25.2,25.2,25.2,0.0,2520.0
2014-04-17 00:00:00,25.0,25.0,24.61,24.61,-1.5600000000000058,9961.0
2014-04-30 00:00:00,24.52,24.58,24.52,24.58,0.2446982055464897,17171.0
2014-05-02 00:00:00,24.58,24.58,24.58,24.58,0.0,4916.0
2014-05-16 00:00:00,25.0,25.0,24.9,24.9,-0.40000000000000036,19990.0
2014-07-01 00:00:00,27.5,27.5,27.5,27.5,0.0,5500.0
2014-07-10 00:00:00,27.05,27.49,27.05,27.49,1.626617375231043,85175.0
2014-07-24 00:00:00,25.72,25.72,25.72,25.72,0.0,7716.0
2014-07-31 00:00:00,24.5,24.5,24.5,24.5,0.0,2450.0
2014-08-01 00:00:00,24.8,24.8,24.8,24.8,0.0,19840.0
2014-08-14 00:00:00,24.52,24.8,24.52,24.8,1.1419249592169667,223172.0
2014-08-15 00:00:00,23.5,23.5,22.5,22.5,-4.255319148936165,54497.0
2014-08-20 00:00:00,24.73,24.8,24.73,24.8,0.28305701577031606,29717.0
2014-08-27 00:00:00,24.8,24.8,24.8,24.8,0.0,124000.0
2014-08-29 00:00:00,24.79,24.79,24.79,24.79,0.0,2479.0
2014-09-01 00:00:00,24.8,24.8,24.8,24.8,0.0,17360.0
2014-09-03 00:00:00,24.79,24.79,24.79,24.79,0.0,2479.0
2014-09-05 00:00:00,24.79,24.79,24.79,24.79,0.0,2479.0
2014-09-19 00:00:00,24.8,26.0,24.8,26.0,4.8387096774193505,37800.0
2014-09-26 00:00:00,25.49,25.49,25.49,25.49,0.0,10196.0
2014-09-29 00:00:00,25.5,25.5,25.5,25.5,0.0,2550.0
2014-10-02 00:00:00,25.0,25.0,25.0,25.0,0.0,10000.0
2014-10-07 00:00:00,24.8,24.8,24.8,24.8,0.0,12400.0
2014-10-08 00:00:00,23.86,23.86,23.86,23.86,0.0,90668.0
2014-10-09 00:00:00,24.49,24.8,24.49,24.8,1.2658227848101333,4929.0
2014-10-13 00:00:00,25.05,25.05,25.05,25.05,0.0,2505.0
2014-10-14 00:00:00,23.28,23.28,23.28,23.28,0.0,2328.0
2014-10-20 00:00:00,22.61,22.61,22.6,22.6,-0.04422821760282636,18087.0
2014-10-23 00:00:00,25.0,25.0,25.0,25.0,0.0,5000.0
2014-10-27 00:00:00,22.0,22.36,22.0,22.36,1.6363636363636358,26472.0
2014-10-28 00:00:00,22.5,22.5,22.41,22.41,-0.40000000000000036,4491.0
2014-10-30 00:00:00,22.5,22.5,22.5,22.5,0.0,2250.0
2014-10-31 00:00:00,23.99,23.99,23.99,23.99,0.0,9596.0
2014-11-12 00:00:00,22.64,22.64,22.64,22.64,0.0,4528.0
2014-11-17 00:00:00,23.99,24.0,23.99,23.99,0.0,28789.0
2014-11-18 00:00:00,24.5,24.5,24.5,24.5,0.0,2450.0
2014-11-21 00:00:00,24.0,24.0,24.0,24.0,0.0,4800.0
2014-11-24 00:00:00,24.0,24.0,24.0,24.0,0.0,2400.0
2014-11-26 00:00:00,24.0,24.0,24.0,24.0,0.0,2400.0
2014-12-03 00:00:00,24.0,24.0,24.0,24.0,0.0,12000.0
2014-12-09 00:00:00,25.0,25.0,25.0,25.0,0.0,2500.0
2014-12-26 00:00:00,24.5,24.5,24.5,24.5,0.0,2450.0
2015-01-07 00:00:00,24.5,24.5,24.5,24.5,0.0,51450.0
2015-01-19 00:00:00,23.51,23.51,23.51,23.51,0.0,2351.0
2015-02-02 00:00:00,20.6,20.83,20.6,20.83,1.116504854368916,8263.0
2015-02-03 00:00:00,20.9,20.9,20.9,20.9,0.0,2090.0
2015-02-09 00:00:00,21.97,21.97,21.96,21.96,-0.045516613563945096,48322.0
2015-02-10 00:00:00,21.95,23.1,21.95,23.1,5.239179954441919,66300.0
2015-02-24 00:00:00,28.0,28.0,27.0,27.0,-3.57142857142857,111000.0
2015-02-25 00:00:00,27.49,27.5,27.49,27.5,0.03637686431430254,5499.0
2015-02-26 00:00:00,27.5,27.5,27.5,27.5,0.0,2750.0
2015-03-02 00:00:00,25.22,25.22,25.11,25.11,-0.4361617763679604,7555.0
2015-03-03 00:00:00,25.11,25.13,25.11,25.13,0.07964954201513663,20090.0
2015-03-06 00:00:00,26.99,26.99,26.99,26.99,0.0,2699.0
2015-03-13 00:00:00,25.01,25.01,25.01,25.01,0.0,22509.0
2015-03-16 00:00:00,26.08,26.08,26.08,26.08,0.0,13040.0
2015-03-20 00:00:00,27.99,27.99,27.99,27.99,0.0,2799.0
2015-03-23 00:00:00,28.0,28.0,28.0,28.0,0.0,5600.0
2015-03-24 00:00:00,28.0,28.0,28.0,28.0,0.0,2800.0
2015-03-26 00:00:00,28.0,28.0,28.0,28.0,0.0,8400.0
2015-03-30 00:00:00,28.0,28.5,28.0,28.5,1.7857142857142794,14050.0
2015-03-31 00:00:00,29.0,29.0,26.0,28.99,-0.034482758620690834,10999.0
2015-04-08 00:00:00,23.51,23.51,23.51,23.51,0.0,4702.0
2015-04-13 00:00:00,28.98,28.98,28.2,28.2,-2.69151138716357,5718.0
2015-04-14 00:00:00,28.0,28.0,28.0,28.0,0.0,2800.0
2015-04-15 00:00:00,28.0,28.0,28.0,28.0,0.0,2800.0
2015-04-23 00:00:00,28.0,28.0,28.0,28.0,0.0,2800.0
2015-04-24 00:00:00,29.5,29.5,29.5,29.5,0.0,17700.0
2015-04-27 00:00:00,29.5,29.5,29.45,29.45,-0.16949152542372614,61900.0
2015-04-28 00:00:00,30.0,30.0,30.0,30.0,0.0,42000.0
2015-05-04 00:00:00,29.01,29.01,29.01,29.01,0.0,2901.0
2015-05-05 00:00:00,29.0,29.0,29.0,29.0,0.0,14500.0
2015-05-07 00:00:00,29.0,29.0,29.0,29.0,0.0,29000.0
2015-05-08 00:00:00,29.02,29.02,29.02,29.02,0.0,2902.0
2015-05-14 00:00:00,29.05,29.05,29.05,29.05,0.0,2905.0
2015-05-19 00:00:00,29.05,29.05,28.0,28.0,-3.6144578313253017,5705.0
2015-05-20 00:00:00,29.0,29.0,28.5,28.5,-1.7241379310344862,5750.0
2015-05-25 00:00:00,27.0,27.0,27.0,27.0,0.0,13500.0
2015-05-26 00:00:00,28.0,28.0,28.0,28.0,0.0,2800.0
2015-06-12 00:00:00,28.0,28.0,28.0,28.0,0.0,8400.0
2015-06-15 00:00:00,26.5,26.5,26.5,26.5,0.0,2650.0
2015-06-18 00:00:00,28.0,28.0,28.0,28.0,0.0,14000.0
2015-06-19 00:00:00,26.6,26.6,26.51,26.51,-0.33834586466164884,10622.0
2015-06-22 00:00:00,27.0,27.0,25.08,25.08,-7.1111111111111125,16008.0
2015-06-25 00:00:00,27.0,27.5,27.0,27.5,1.85185185185186,19000.0
2015-06-29 00:00:00,28.5,28.5,28.5,28.5,0.0,14250.0
2015-07-01 00:00:00,28.5,28.5,28.5,28.5,0.0,14250.0
2015-07-07 00:00:00,29.0,29.0,29.0,29.0,0.0,5800.0
2015-07-10 00:00:00,29.0,29.0,29.0,29.0,0.0,2900.0
2015-07-13 00:00:00,28.5,28.5,28.5,28.5,0.0,2850.0
2015-07-16 00:00:00,27.51,27.51,27.51,27.51,0.0,5502.0
2015-07-17 00:00:00,28.5,28.5,28.5,28.5,0.0,2850.0
2015-07-24 00:00:00,27.5,27.5,27.5,27.5,0.0,2750.0
2015-07-30 00:00:00,28.0,28.0,28.0,28.0,0.0,112000.0
2015-08-14 00:00:00,27.5,27.5,27.5,27.5,0.0,2750.0
2015-08-26 00:00:00,26.5,26.5,26.5,26.5,0.0,15900.0
2015-08-28 00:00:00,26.5,26.5,26.0,26.0,-1.8867924528301883,10500.0
2015-08-31 00:00:00,27.7,27.7,27.7,27.7,0.0,2770.0
2015-09-21 00:00:00,27.68,27.68,27.68,27.68,0.0,2768.0
2015-09-25 00:00:00,27.65,27.65,27.65,27.65,0.0,2765.0
2015-10-05 00:00:00,27.5,27.5,27.5,27.5,0.0,5500.0
2015-10-30 00:00:00,26.0,27.0,26.0,27.0,3.8461538461538547,21000.0
2015-11-05 00:00:00,27.7,27.7,27.7,27.7,0.0,2770.0
2015-11-06 00:00:00,27.69,27.69,27.69,27.69,0.0,2769.0
2015-11-11 00:00:00,27.69,27.69,27.69,27.69,0.0,2769.0
2015-11-17 00:00:00,27.69,27.7,27.69,27.7,0.03611412062114461,24925.0
2015-11-18 00:00:00,25.01,25.01,25.01,25.01,0.0,2501.0
2015-11-19 00:00:00,27.7,27.7,27.7,27.7,0.0,13850.0
2015-11-24 00:00:00,28.25,28.25,28.25,28.25,0.0,113000.0
2015-12-21 00:00:00,27.5,27.5,27.5,27.5,0.0,2750.0
2016-02-15 00:00:00,25.18,27.0,25.01,27.0,7.227958697378867,20400.0
2016-02-17 00:00:00,27.0,27.0,27.0,27.0,0.0,108000.0
2016-03-09 00:00:00,27.0,27.0,27.0,27.0,0.0,2700.0
2016-03-16 00:00:00,24.01,24.01,24.01,24.01,0.0,2401.0
2016-03-28 00:00:00,24.0,24.0,24.0,24.0,0.0,24000.0
2016-03-30 00:00:00,24.0,24.0,24.0,24.0,0.0,24000.0
2016-03-31 00:00:00,27.29,27.29,27.29,27.29,0.0,2729.0
2016-04-01 00:00:00,26.0,26.0,25.5,26.0,0.0,18100.0
2016-04-05 00:00:00,24.0,24.0,23.5,23.5,-2.083333333333337,35350.0
2016-04-07 00:00:00,23.5,23.5,23.5,23.5,0.0,23500.0
2016-04-11 00:00:00,23.5,23.5,23.5,23.5,0.0,23500.0
2016-04-12 00:00:00,24.0,24.0,24.0,24.0,0.0,4800.0
2016-04-18 00:00:00,23.5,23.5,23.5,23.5,0.0,23500.0
2016-04-19 00:00:00,23.5,23.5,23.5,23.5,0.0,7050.0
2016-04-20 00:00:00,19.08,23.0,19.08,23.0,20.545073375262056,6116.0
2016-04-27 00:00:00,21.0,23.0,21.0,23.0,9.523809523809534,6500.0
2016-04-29 00:00:00,23.5,23.5,23.5,23.5,0.0,2350.0
2016-05-02 00:00:00,20.01,20.01,20.01,20.01,0.0,2001.0
2016-05-12 00:00:00,25.79,25.79,23.5,23.5,-8.879410624272976,124539.0
2016-05-16 00:00:00,21.01,21.7,21.01,21.7,3.2841504045692416,23180.0
2016-05-17 00:00:00,21.03,21.2,21.02,21.2,0.8083689966714047,8428.0
2016-05-18 00:00:00,21.5,21.5,21.5,21.5,0.0,2150.0
2016-05-25 00:00:00,21.5,21.5,21.5,21.5,0.0,2150.0
2016-05-27 00:00:00,21.5,21.5,21.5,21.5,0.0,2150.0
2016-06-03 00:00:00,20.99,21.0,20.71,20.71,-1.3339685564554449,8370.0
2016-06-06 00:00:00,20.92,21.0,20.6,20.6,-1.5296367112810683,45604.0
2016-06-07 00:00:00,20.11,20.11,20.11,20.11,0.0,8044.0
2016-06-08 00:00:00,20.61,20.99,20.61,20.99,1.8437651625424545,6259.0
2016-06-16 00:00:00,20.99,20.99,20.99,20.99,0.0,2099.0
2016-06-20 00:00:00,21.5,21.5,21.5,21.5,0.0,2150.0
2016-06-22 00:00:00,21.5,21.5,21.5,21.5,0.0,2150.0
2016-07-19 00:00:00,22.03,22.03,22.03,22.03,0.0,17624.0
2016-07-20 00:00:00,22.0,22.0,22.0,22.0,0.0,33000.0
2016-07-21 00:00:00,23.0,23.0,23.0,23.0,0.0,4600.0
2016-07-22 00:00:00,23.0,23.0,23.0,23.0,0.0,4600.0
2016-07-27 00:00:00,24.8,24.8,24.8,24.8,0.0,2480.0
2016-07-29 00:00:00,25.0,25.0,25.0,25.0,0.0,2500.0
2016-08-02 00:00:00,25.0,25.0,25.0,25.0,0.0,2500.0
2016-08-03 00:00:00,25.0,25.0,25.0,25.0,0.0,2500.0
2016-08-04 00:00:00,24.0,24.0,24.0,24.0,0.0,2400.0
2016-08-05 00:00:00,24.7,24.7,24.7,24.7,0.0,98800.0
2016-08-09 00:00:00,25.0,25.0,25.0,25.0,0.0,2500.0
2016-08-10 00:00:00,26.6,26.6,26.0,26.5,-0.3759398496240629,31310.0
2016-08-12 00:00:00,26.0,26.0,26.0,26.0,0.0,2600.0
2016-08-15 00:00:00,25.0,25.0,25.0,25.0,0.0,2500.0
2016-08-19 00:00:00,25.0,25.0,25.0,25.0,0.0,17500.0
2016-08-26 00:00:00,24.8,26.0,24.01,26.0,4.8387096774193505,7481.0
2016-08-29 00:00:00,24.0,26.0,24.0,26.0,8.333333333333325,9800.0
2016-10-04 00:00:00,25.0,25.49,25.0,25.49,1.959999999999984,15147.0
2016-10-10 00:00:00,25.01,25.01,25.01,25.01,0.0,7503.0
2016-10-13 00:00:00,25.0,25.0,25.0,25.0,0.0,2500.0
2016-10-21 00:00:00,25.0,25.0,25.0,25.0,0.0,30000.0
2016-10-24 00:00:00,24.0,24.2,24.0,24.2,0.8333333333333304,7240.0
2016-10-25 00:00:00,23.5,24.0,23.11,24.0,2.127659574468077,25855.0
2016-10-28 00:00:00,24.05,24.76,24.05,24.76,2.952182952182958,103628.0
2016-10-31 00:00:00,24.01,24.01,24.01,24.01,0.0,2401.0
2016-11-01 00:00:00,24.7,25.0,24.7,25.0,1.2145748987854255,14850.0
2016-11-03 00:00:00,22.56,22.6,22.56,22.6,0.17730496453902678,11288.0
2016-11-09 00:00:00,22.0,22.0,22.0,22.0,0.0,2200.0
2016-11-11 00:00:00,22.0,22.0,22.0,22.0,0.0,4400.0
2016-11-14 00:00:00,22.5,22.5,22.5,22.5,0.0,31500.0
2016-11-16 00:00:00,22.5,22.5,22.5,22.5,0.0,2250.0
2016-11-22 00:00:00,23.0,23.0,21.09,22.43,-2.4782608695652186,8832.0
2016-11-29 00:00:00,20.7,23.98,20.7,23.98,15.84541062801934,15146.0
2016-12-01 00:00:00,21.1,21.1,21.1,21.1,0.0,2110.0
2016-12-02 00:00:00,23.5,23.5,23.5,23.5,0.0,14100.0
2016-12-13 00:00:00,23.01,23.01,23.01,23.01,0.0,2301.0
2016-12-16 00:00:00,23.0,23.69,23.0,23.69,3.0000000000000027,13869.0
2016-12-21 00:00:00,24.49,24.49,24.49,24.49,0.0,2449.0
2016-12-22 00:00:00,24.5,24.5,24.5,24.5,0.0,4900.0
2016-12-28 00:00:00,23.88,23.88,23.88,23.88,0.0,2388.0
2016-12-29 00:00:00,25.44,25.44,25.44,25.44,0.0,2544.0
2017-01-04 00:00:00,23.83,23.83,23.83,23.83,0.0,2383.0
2017-01-10 00:00:00,23.24,23.79,23.24,23.79,2.3666092943201322,7082.0
2017-01-11 00:00:00,23.09,23.23,23.09,23.23,0.606323083585969,4632.0
2017-01-12 00:00:00,23.9,23.9,23.9,23.9,0.0,2390.0
2017-01-17 00:00:00,24.15,24.15,24.15,24.15,0.0,2415.0
2017-01-19 00:00:00,24.99,24.99,24.99,24.99,0.0,2499.0
2017-01-20 00:00:00,24.79,24.79,24.79,24.79,0.0,99160.0
2017-01-24 00:00:00,24.0,24.0,24.0,24.0,0.0,2400.0
2017-01-27 00:00:00,24.01,24.01,24.01,24.01,0.0,2401.0
2017-02-02 00:00:00,24.5,24.5,24.5,24.5,0.0,24500.0
2017-02-03 00:00:00,24.45,24.45,24.25,24.25,-0.8179959100204415,7315.0
2017-02-08 00:00:00,25.0,25.0,25.0,25.0,0.0,5000.0
2017-02-10 00:00:00,25.0,25.0,25.0,25.0,0.0,5000.0
2017-02-13 00:00:00,25.0,25.0,25.0,25.0,0.0,35000.0
2017-02-16 00:00:00,25.3,25.47,25.3,25.47,0.6719367588932768,30394.0
2017-02-17 00:00:00,27.02,27.02,27.02,27.02,0.0,2702.0
2017-02-20 00:00:00,27.49,28.2,27.49,28.2,2.582757366315036,176669.0
2017-02-22 00:00:00,27.5,27.5,27.5,27.5,0.0,8250.0
2017-02-23 00:00:00,27.99,29.0,27.99,28.3,1.1075384065737826,163689.0
2017-03-01 00:00:00,28.3,28.3,28.3,28.3,0.0,186780.0
2017-03-02 00:00:00,30.99,30.99,30.5,30.5,-1.5811552113584981,15299.0
2017-03-03 00:00:00,28.64,29.99,28.6,28.75,0.3840782122904951,54616.0
2017-03-06 00:00:00,29.2,29.2,28.66,28.66,-1.8493150684931514,31593.0
2017-03-07 00:00:00,29.0,29.0,29.0,29.0,0.0,2900.0
2017-03-08 00:00:00,29.0,29.0,29.0,29.0,0.0,5800.0
2017-03-09 00:00:00,28.31,28.31,28.31,28.31,0.0,2831.0
2017-03-10 00:00:00,28.5,28.5,28.5,28.5,0.0,8550.0
2017-03-15 00:00:00,28.6,28.6,28.6,28.6,0.0,2860.0
2017-03-16 00:00:00,29.0,29.0,29.0,29.0,0.0,8700.0
2017-03-17 00:00:00,29.0,29.0,28.0,28.0,-3.4482758620689613,20100.0
2017-03-24 00:00:00,28.6,28.6,28.6,28.6,0.0,28600.0
2017-03-28 00:00:00,28.5,28.5,28.5,28.5,0.0,5700.0
2017-03-30 00:00:00,29.0,29.0,28.0,28.0,-3.4482758620689613,40500.0
2017-03-31 00:00:00,29.5,29.5,29.5,29.5,0.0,2950.0
2017-04-04 00:00:00,29.5,29.5,28.6,28.6,-3.050847457627115,46300.0
2017-04-07 00:00:00,28.75,28.75,28.75,28.75,0.0,8625.0
2017-04-12 00:00:00,29.0,29.0,29.0,29.0,0.0,2900.0
2017-04-13 00:00:00,29.0,29.0,29.0,29.0,0.0,2900.0
2017-04-17 00:00:00,29.0,29.1,29.0,29.1,0.34482758620690834,31920.0
2017-04-18 00:00:00,29.1,29.5,27.01,29.5,1.3745704467353903,35571.0
2017-04-19 00:00:00,28.01,28.01,28.0,28.0,-0.0357015351660217,28005.0
2017-04-27 00:00:00,28.6,28.6,28.5,28.6,0.0,125700.0
2017-05-02 00:00:00,28.6,28.89,28.11,28.11,-1.7132867132867213,91500.0
2017-05-05 00:00:00,27.0,28.15,26.0,28.15,4.2592592592592515,57720.0
2017-05-08 00:00:00,28.1,28.1,28.1,28.1,0.0,2810.0
2017-05-09 00:00:00,28.9,28.9,28.9,28.9,0.0,5780.0
2017-05-10 00:00:00,28.88,28.88,27.42,27.42,-5.055401662049852,71988.0
2017-05-11 00:00:00,27.0,27.9,26.9,27.9,3.3333333333333215,51689.0
2017-05-12 00:00:00,26.71,26.71,26.11,26.11,-2.2463496817671347,13267.0
2017-05-15 00:00:00,26.16,27.0,26.16,27.0,3.2110091743119185,15780.0
2017-05-18 00:00:00,26.11,26.11,26.11,26.11,0.0,2611.0
2017-05-19 00:00:00,26.1,26.1,26.1,26.1,0.0,26100.0
2017-05-22 00:00:00,26.3,26.3,26.3,26.3,0.0,18410.0
2017-05-25 00:00:00,25.0,25.0,25.0,25.0,0.0,5000.0
2017-05-26 00:00:00,25.5,25.5,25.3,25.3,-0.7843137254901933,45840.0
2017-05-30 00:00:00,25.3,25.3,25.3,25.3,0.0,27830.0
2017-05-31 00:00:00,25.99,25.99,25.99,25.99,0.0,2599.0
2017-06-05 00:00:00,26.0,26.0,26.0,26.0,0.0,2600.0
2017-06-07 00:00:00,26.0,26.0,26.0,26.0,0.0,7800.0
2017-06-08 00:00:00,26.5,26.5,26.5,26.5,0.0,23850.0
2017-06-09 00:00:00,26.49,26.5,26.49,26.5,0.03775009437523291,23845.0
2017-06-12 00:00:00,27.0,27.0,27.0,27.0,0.0,2700.0
2017-06-19 00:00:00,25.4,25.4,25.3,25.3,-0.393700787401563,25330.0
2017-06-22 00:00:00,26.49,26.49,26.49,26.49,0.0,2649.0
2017-06-29 00:00:00,26.0,27.25,26.0,27.25,4.807692307692313,13249.0
2017-07-07 00:00:00,27.0,27.0,27.0,27.0,0.0,2700.0
2017-07-10 00:00:00,27.25,27.25,26.02,26.02,-4.51376146788991,55920.0
2017-07-12 00:00:00,26.35,26.35,25.3,25.62,-2.770398481973435,43229.0
2017-07-13 00:00:00,25.41,25.65,25.01,25.01,-1.5741833923652027,76163.0
2017-07-14 00:00:00,25.26,25.26,25.26,25.26,0.0,2526.0
2017-07-17 00:00:00,25.5,25.5,25.5,25.5,0.0,2550.0
2017-07-26 00:00:00,26.0,27.05,26.0,27.05,4.038461538461546,39105.0
2017-08-01 00:00:00,27.05,27.05,27.05,27.05,0.0,18935.0
2017-08-04 00:00:00,27.05,27.05,27.05,27.05,0.0,5410.0
2017-08-07 00:00:00,27.05,27.35,27.05,27.35,1.109057301293892,51783.0
2017-08-09 00:00:00,27.35,27.8,27.35,27.8,1.645338208409508,38535.0
2017-08-10 00:00:00,27.8,27.8,27.8,27.8,0.0,2780.0
2017-08-15 00:00:00,27.56,27.56,27.56,27.56,0.0,13780.0
2017-08-17 00:00:00,28.0,28.0,27.82,27.82,-0.642857142857145,8364.0
2017-08-21 00:00:00,27.86,27.86,27.86,27.86,0.0,2786.0
2017-08-23 00:00:00,28.0,28.5,28.0,28.5,1.7857142857142794,5650.0
2017-08-24 00:00:00,28.5,28.7,28.5,28.7,0.7017543859649145,25730.0
2017-08-29 00:00:00,29.0,29.0,29.0,29.0,0.0,11600.0
2017-08-30 00:00:00,30.0,30.0,30.0,30.0,0.0,6000.0
2017-08-31 00:00:00,30.0,30.0,29.5,29.5,-1.6666666666666718,23760.0
2017-09-05 00:00:00,29.5,29.5,29.5,29.5,0.0,14750.0
2017-09-12 00:00:00,29.5,29.5,29.5,29.5,0.0,8850.0
2017-09-13 00:00:00,28.5,29.1,28.5,29.0,1.7543859649122862,11570.0
2017-09-15 00:00:00,29.9,29.9,29.9,29.9,0.0,8970.0
2017-09-22 00:00:00,30.0,30.0,30.0,30.0,0.0,9000.0
2017-09-25 00:00:00,29.01,29.01,29.0,29.0,-0.03447087211306821,29005.0
2017-09-26 00:00:00,28.8,28.8,28.8,28.8,0.0,5760.0
2017-09-28 00:00:00,29.0,29.0,28.3,28.3,-2.4137931034482696,22711.0
2017-09-29 00:00:00,29.0,29.0,29.0,29.0,0.0,2900.0
2017-10-02 00:00:00,29.0,30.0,29.0,30.0,3.4482758620689724,35200.0
2017-10-03 00:00:00,30.0,30.01,30.0,30.0,0.0,15001.0
2017-10-05 00:00:00,30.5,31.6,30.0,30.0,-1.6393442622950838,79500.0
2017-10-10 00:00:00,31.0,31.0,30.2,30.2,-2.580645161290329,48640.0
2017-10-13 00:00:00,30.55,30.55,30.5,30.5,-0.16366612111292644,6105.0
2017-10-16 00:00:00,31.0,31.0,31.0,31.0,0.0,3100.0
2017-10-17 00:00:00,30.6,30.6,30.6,30.6,0.0,3060.0
2017-10-18 00:00:00,31.0,32.0,31.0,32.0,3.2258064516129004,31900.0
2017-10-20 00:00:00,32.0,32.0,32.0,32.0,0.0,3200.0
2017-10-30 00:00:00,35.0,37.49,35.0,37.49,7.114285714285717,64992.0
2017-11-01 00:00:00,37.0,38.0,37.0,38.0,2.7027027027026973,15050.0
2017-11-06 00:00:00,37.4,37.4,37.4,37.4,0.0,3740.0
2017-11-09 00:00:00,37.5,37.5,37.5,37.5,0.0,18750.0
2017-11-10 00:00:00,35.01,36.0,35.01,36.0,2.8277634961439757,7101.0
2017-11-14 00:00:00,36.0,36.0,34.9,36.0,0.0,42960.0
2017-11-22 00:00:00,37.0,37.0,37.0,37.0,0.0,3700.0
2017-12-04 00:00:00,36.5,36.5,36.5,36.5,0.0,3650.0
2017-12-05 00:00:00,36.5,38.0,36.5,38.0,4.109589041095885,22210.0
2017-12-06 00:00:00,38.0,38.0,38.0,38.0,0.0,3800.0
2017-12-11 00:00:00,37.99,37.99,37.99,37.99,0.0,7598.0
2017-12-12 00:00:00,38.0,38.0,38.0,38.0,0.0,3800.0
2017-12-18 00:00:00,38.0,38.0,37.0,37.0,-2.631578947368418,7500.0
2017-12-21 00:00:00,37.0,37.0,37.0,37.0,0.0,7400.0
2017-12-26 00:00:00,37.0,37.0,37.0,37.0,0.0,11100.0
2018-01-05 00:00:00,39.0,39.0,39.0,39.0,0.0,3900.0
2018-01-08 00:00:00,37.42,37.42,37.2,37.2,-0.5879208979155504,11197.0
2018-01-09 00:00:00,39.13,39.13,39.13,39.13,0.0,3913.0
2018-01-10 00:00:00,41.99,45.0,41.99,45.0,7.16837342224339,29998.0
2018-01-12 00:00:00,40.0,40.0,38.0,38.0,-5.000000000000004,11600.0
2018-01-15 00:00:00,38.12,39.99,38.1,38.1,-0.052465897166831255,61758.0
2018-01-16 00:00:00,39.0,39.0,39.0,39.0,0.0,23400.0
2018-01-17 00:00:00,40.01,40.01,40.0,40.0,-0.024993751562107924,56004.0
2018-01-19 00:00:00,38.5,38.5,38.5,38.5,0.0,11550.0
2018-01-29 00:00:00,38.01,38.01,38.01,38.01,0.0,3801.0
2018-01-30 00:00:00,37.3,37.3,37.3,37.3,0.0,11190.0
2018-02-06 00:00:00,39.0,39.0,39.0,39.0,0.0,15600.0
2018-02-19 00:00:00,40.05,40.05,40.05,40.05,0.0,36045.0
2018-02-21 00:00:00,39.9,39.9,39.9,39.9,0.0,3990.0
2018-02-22 00:00:00,39.91,39.91,39.91,39.91,0.0,3991.0
2018-02-23 00:00:00,39.9,39.9,39.9,39.9,0.0,3990.0
2018-02-26 00:00:00,39.95,40.0,39.95,40.0,0.12515644555692873,11995.0
2018-02-28 00:00:00,40.0,40.49,40.0,40.49,1.2250000000000094,20049.0
2018-03-01 00:00:00,41.2,41.2,40.0,40.0,-2.912621359223311,8120.0
2018-03-06 00:00:00,40.0,40.0,40.0,40.0,0.0,20000.0
2018-03-07 00:00:00,41.0,41.0,41.0,41.0,0.0,16400.0
2018-03-16 00:00:00,38.26,38.26,38.26,38.26,0.0,7652.0
2018-03-21 00:00:00,39.01,39.01,39.0,39.0,-0.025634452704426103,7801.0
2018-03-28 00:00:00,40.4,40.4,40.4,40.4,0.0,4040.0
2018-03-29 00:00:00,40.4,40.4,40.4,40.4,0.0,4040.0
2018-04-02 00:00:00,38.81,38.81,38.51,38.51,-0.7729966503478569,23256.0
2018-04-04 00:00:00,38.03,38.03,37.0,37.99,-0.10518012095713791,34112.0
2018-04-05 00:00:00,36.8,36.8,36.8,36.8,0.0,11040.0
2018-04-06 00:00:00,37.51,37.51,37.51,37.51,0.0,3751.0
2018-04-09 00:00:00,38.34,38.35,38.34,38.35,0.026082420448614307,26839.0
2018-04-12 00:00:00,36.0,36.0,36.0,36.0,0.0,3600.0
2018-04-13 00:00:00,36.12,37.0,36.12,37.0,2.436323366555926,18148.0
2018-04-17 00:00:00,37.0,37.0,37.0,37.0,0.0,3700.0
2018-04-18 00:00:00,38.0,38.0,38.0,38.0,0.0,11400.0
2018-05-02 00:00:00,39.99,39.99,39.99,39.99,0.0,3999.0
2018-05-03 00:00:00,36.5,37.5,36.0,36.0,-1.3698630136986356,43858.0
2018-05-04 00:00:00,37.3,37.37,37.3,37.37,0.18766756032171372,11203.0
2018-05-10 00:00:00,37.38,37.5,37.38,37.5,0.32102728731941976,104880.0
2018-05-16 00:00:00,35.6,39.08,35.6,39.08,9.775280898876403,93238.0
2018-05-22 00:00:00,39.08,39.08,39.08,39.08,0.0,3908.0
2018-05-25 00:00:00,38.0,39.0,38.0,39.0,2.6315789473684292,27000.0
2018-05-28 00:00:00,36.51,36.51,36.08,36.08,-1.177759517940291,7259.0
2018-05-30 00:00:00,38.87,38.87,38.87,38.87,0.0,3887.0
2018-06-12 00:00:00,36.99,36.99,35.99,35.99,-2.7034333603676686,62783.0
2018-06-13 00:00:00,37.96,37.96,37.96,37.96,0.0,3796.0
2018-06-26 00:00:00,36.06,36.06,36.06,36.06,0.0,32454.0
2018-06-29 00:00:00,37.79,37.79,37.79,37.79,0.0,3779.0
2018-07-06 00:00:00,35.11,36.0,34.31,36.0,2.534890344631169,20915.0
2018-07-16 00:00:00,35.25,36.69,35.25,36.69,4.08510638297872,7194.0
2018-07-17 00:00:00,36.0,36.0,36.0,36.0,0.0,3600.0
2018-07-18 00:00:00,36.48,36.48,36.48,36.48,0.0,3648.0
2018-07-24 00:00:00,36.9,36.9,36.9,36.9,0.0,18450.0
2018-07-30 00:00:00,36.5,36.5,36.5,36.5,0.0,29200.0
2018-07-31 00:00:00,36.49,36.49,36.49,36.49,0.0,7298.0
2018-08-06 00:00:00,35.99,35.99,35.99,35.99,0.0,3599.0
2018-08-08 00:00:00,40.0,40.0,39.95,39.95,-0.12499999999999734,7995.0
2018-08-13 00:00:00,36.5,36.5,36.5,36.5,0.0,54750.0
2018-08-15 00:00:00,38.33,38.33,38.0,38.0,-0.8609444299504276,7633.0
2018-08-16 00:00:00,37.99,38.0,37.99,38.0,0.026322716504334487,7599.0
2018-08-22 00:00:00,35.0,35.0,35.0,35.0,0.0,10500.0
2018-08-23 00:00:00,35.01,35.01,34.5,34.5,-1.4567266495287057,31351.0
2018-08-24 00:00:00,34.5,34.5,34.5,34.5,0.0,13800.0
2018-08-27 00:00:00,34.75,34.75,34.75,34.75,0.0,17375.0
2018-09-04 00:00:00,33.76,35.4,33.76,35.4,4.857819905213279,6916.0
2018-09-06 00:00:00,35.65,35.65,35.65,35.65,0.0,3565.0
2018-09-10 00:00:00,35.98,35.98,35.98,35.98,0.0,14392.0
2018-09-12 00:00:00,33.36,34.58,33.36,34.5,3.4172661870503607,30476.0
2018-09-20 00:00:00,35.98,35.98,35.98,35.98,0.0,17990.0
2018-09-25 00:00:00,34.0,34.0,34.0,34.0,0.0,6800.0
2018-10-02 00:00:00,32.86,33.5,32.8,33.5,1.9476567255021227,52820.0
2018-10-03 00:00:00,33.5,33.51,33.5,33.51,0.029850746268644812,10052.0
2018-10-04 00:00:00,33.01,33.01,33.01,33.01,0.0,6602.0
2018-10-05 00:00:00,34.0,34.99,34.0,34.01,0.029411764705877808,48591.0
2018-10-08 00:00:00,35.98,36.0,35.98,35.99,0.02779321845471916,10797.0
2018-10-16 00:00:00,34.0,34.02,34.0,34.02,0.05882352941177782,47612.0
2018-10-17 00:00:00,33.51,33.57,33.5,33.5,-0.029841838257227415,46917.0
2018-10-18 00:00:00,33.71,33.71,33.7,33.7,-0.029664787896765965,6741.0
2018-10-19 00:00:00,34.0,34.0,33.99,33.99,-0.029411764705877808,6799.0
2018-10-22 00:00:00,34.84,34.89,34.84,34.89,0.14351320321468464,17431.0
2018-10-26 00:00:00,34.51,34.51,34.51,34.51,0.0,10353.0
2018-10-29 00:00:00,35.99,35.99,35.99,35.99,0.0,32391.0
2018-10-30 00:00:00,36.8,36.8,36.8,36.8,0.0,7360.0
2018-10-31 00:00:00,36.99,36.99,36.99,36.99,0.0,3699.0
2018-11-01 00:00:00,35.01,35.01,35.0,35.01,0.0,98025.0
2018-11-05 00:00:00,35.49,35.49,35.2,35.3,-0.5353620738236309,59947.0
2018-11-06 00:00:00,35.0,36.5,35.0,36.5,4.285714285714293,45700.0
2018-11-12 00:00:00,36.99,36.99,36.99,36.99,0.0,3699.0
2018-11-13 00:00:00,36.9,36.9,36.9,36.9,0.0,3690.0
2018-11-14 00:00:00,36.7,36.7,36.0,36.0,-1.9073569482288888,72135.0
2018-11-16 00:00:00,36.75,36.75,36.75,36.75,0.0,7350.0
2018-11-19 00:00:00,36.5,37.0,36.5,37.0,1.3698630136986356,88642.0
2018-11-26 00:00:00,36.6,36.6,36.6,36.6,0.0,18300.0
2018-11-27 00:00:00,36.5,36.5,36.5,36.5,0.0,36500.0
2018-12-04 00:00:00,37.99,37.99,37.99,37.99,0.0,11397.0
2018-12-13 00:00:00,36.24,36.24,35.9,35.91,-0.9105960264900848,61198.0
2018-12-17 00:00:00,36.0,36.0,36.0,36.0,0.0,3600.0
2018-12-20 00:00:00,35.92,35.92,35.92,35.92,0.0,3592.0
2018-12-21 00:00:00,37.0,37.99,37.0,37.98,2.648648648648644,26489.0
2019-01-02 00:00:00,37.98,37.99,37.97,37.99,0.026329647182743443,53174.0
2019-01-04 00:00:00,38.0,38.0,38.0,38.0,0.0,3800.0
2019-01-07 00:00:00,40.0,41.0,40.0,41.0,2.499999999999991,8100.0
2019-01-08 00:00:00,41.5,41.5,41.5,41.5,0.0,4150.0
2019-01-09 00:00:00,41.5,41.5,41.5,41.5,0.0,4150.0
2019-01-11 00:00:00,41.0,41.0,41.0,41.0,0.0,4100.0
2019-01-18 00:00:00,41.01,41.01,41.01,41.01,0.0,8202.0
2019-01-21 00:00:00,39.52,39.52,39.52,39.52,0.0,3952.0
2019-02-04 00:00:00,46.0,47.0,45.0,45.0,-2.1739130434782594,82380.0
2019-02-05 00:00:00,45.0,45.0,45.0,45.0,0.0,4500.0
2019-02-08 00:00:00,43.08,43.08,43.08,43.08,0.0,4308.0
2019-02-12 00:00:00,49.0,49.0,49.0,49.0,0.0,49000.0
2019-02-13 00:00:00,48.94,48.99,48.94,48.99,0.10216591744993675,29389.0
2019-02-14 00:00:00,47.0,47.0,47.0,47.0,0.0,51700.0
2019-02-15 00:00:00,45.0,45.0,45.0,45.0,0.0,4500.0
2019-02-19 00:00:00,45.0,45.0,45.0,45.0,0.0,31500.0
2019-02-21 00:00:00,44.0,44.0,44.0,44.0,0.0,17600.0
2019-02-22 00:00:00,44.01,44.01,44.01,44.01,0.0,4401.0
2019-02-28 00:00:00,45.0,45.0,45.0,45.0,0.0,4500.0
2019-03-01 00:00:00,41.31,41.35,40.0,40.55,-1.839748244977013,114506.0
2019-03-06 00:00:00,41.4,41.4,41.4,41.4,0.0,4140.0
2019-03-08 00:00:00,42.0,42.0,41.79,41.79,-0.5000000000000004,12579.0
2019-03-11 00:00:00,41.77,41.77,41.77,41.77,0.0,4177.0
2019-03-12 00:00:00,42.18,42.18,42.18,42.18,0.0,8436.0
2019-03-20 00:00:00,43.0,43.0,43.0,43.0,0.0,4300.0
2019-03-22 00:00:00,41.6,43.0,41.5,43.0,3.3653846153846034,20910.0
2019-03-28 00:00:00,42.0,42.0,42.0,42.0,0.0,8400.0
2019-04-01 00:00:00,42.0,42.0,41.0,41.0,-2.3809523809523836,32910.0
2019-04-05 00:00:00,43.0,43.0,43.0,43.0,0.0,4300.0
2019-04-10 00:00:00,42.01,42.01,42.01,42.01,0.0,4201.0
2019-04-16 00:00:00,41.1,41.1,41.06,41.06,-0.09732360097323145,73920.0
2019-04-22 00:00:00,41.08,41.2,41.07,41.07,-0.024342745861727355,16442.0
2019-04-24 00:00:00,41.0,41.0,41.0,41.0,0.0,4100.0
2019-04-26 00:00:00,41.1,41.1,41.1,41.1,0.0,12330.0
2019-05-02 00:00:00,40.01,40.05,40.01,40.05,0.0999750062484317,16008.0
2019-05-03 00:00:00,43.0,43.0,43.0,43.0,0.0,8600.0
2019-05-09 00:00:00,43.0,43.0,43.0,43.0,0.0,4300.0
2019-05-10 00:00:00,42.0,42.0,42.0,42.0,0.0,25200.0
2019-05-13 00:00:00,41.0,42.0,41.0,42.0,2.4390243902439046,75100.0
2019-05-14 00:00:00,40.0,40.0,40.0,40.0,0.0,12000.0
2019-05-16 00:00:00,40.13,40.13,40.13,40.13,0.0,4013.0
2019-05-17 00:00:00,42.0,42.95,42.0,42.95,2.261904761904776,33845.0
2019-05-20 00:00:00,43.0,43.0,43.0,43.0,0.0,4300.0
2019-05-21 00:00:00,43.15,43.5,40.11,43.5,0.8111239860950192,58101.0
2019-05-22 00:00:00,48.0,48.0,45.0,45.0,-6.25,128100.0
2019-05-27 00:00:00,43.0,43.0,43.0,43.0,0.0,4300.0
2019-05-29 00:00:00,45.5,46.0,45.5,46.0,1.098901098901095,13700.0
2019-05-30 00:00:00,48.2,48.2,48.2,48.2,0.0,4820.0
2019-05-31 00:00:00,46.0,47.5,46.0,47.5,3.2608695652173836,112850.0
2019-06-03 00:00:00,46.0,49.99,45.51,47.0,2.1739130434782705,187349.0
2019-06-04 00:00:00,45.1,45.1,45.0,45.0,-0.22172949002217113,22510.0
2019-06-06 00:00:00,47.99,48.0,47.99,48.0,0.020837674515528093,43197.0
2019-06-07 00:00:00,45.0,45.0,45.0,45.0,0.0,4500.0
2019-06-10 00:00:00,46.49,46.49,46.49,46.49,0.0,4649.0
2019-06-11 00:00:00,45.0,45.0,45.0,45.0,0.0,4500.0
2019-06-12 00:00:00,45.05,45.05,44.21,44.21,-1.8645948945615887,71777.0
2019-06-14 00:00:00,45.0,45.0,45.0,45.0,0.0,4500.0
2019-06-17 00:00:00,45.0,45.0,45.0,45.0,0.0,4500.0
2019-06-21 00:00:00,46.96,47.0,46.96,47.0,0.08517887563883608,9396.0
2019-06-25 00:00:00,46.9,49.85,46.9,49.85,6.289978678038377,24525.0
2019-06-28 00:00:00,50.0,50.0,47.0,47.0,-6.000000000000005,14700.0
2019-07-01 00:00:00,48.01,49.0,46.33,46.33,-3.4992709852114112,83996.0
2019-07-02 00:00:00,46.22,47.6,46.0,46.0,-0.47598442232799076,73889.0
2019-07-03 00:00:00,48.0,48.0,48.0,48.0,0.0,9600.0
2019-07-05 00:00:00,48.0,48.0,46.52,46.52,-3.083333333333327,38252.0
2019-07-08 00:00:00,47.23,48.0,47.23,48.0,1.6303197120474344,14323.0
2019-07-10 00:00:00,48.2,50.89,48.2,50.89,5.580912863070542,20048.0
2019-07-11 00:00:00,54.89,55.0,54.89,55.0,0.2004008016031955,49423.0
2019-07-15 00:00:00,55.0,59.0,55.0,59.0,7.272727272727275,28650.0
2019-07-16 00:00:00,55.0,58.0,55.0,58.0,5.454545454545445,72398.0
2019-07-17 00:00:00,58.0,58.0,58.0,58.0,0.0,17400.0
2019-07-19 00:00:00,56.0,56.64,55.25,55.25,-1.3392857142857095,22389.0
2019-07-22 00:00:00,56.0,56.0,56.0,56.0,0.0,44800.0
2019-07-24 00:00:00,57.5,59.74,55.78,59.74,3.8956521739130556,68630.0
2019-07-25 00:00:00,64.48,64.48,63.0,63.0,-2.295285359801491,12748.0
2019-07-26 00:00:00,64.5,64.59,63.0,64.59,0.13953488372093759,38427.0
2019-07-29 00:00:00,65.0,69.8,64.1,69.8,7.3846153846153895,91300.0
2019-07-30 00:00:00,74.98,78.2,72.0,78.2,4.294478527607359,67816.0
2019-07-31 00:00:00,80.0,80.0,80.0,80.0,0.0,8000.0
2019-08-01 00:00:00,77.0,79.89,76.89,77.0,0.0,38778.0
2019-08-02 00:00:00,74.0,76.79,74.0,76.7,3.6486486486486447,30149.0
2019-08-05 00:00:00,76.7,76.8,76.7,76.8,0.13037809647977738,23030.0
2019-08-06 00:00:00,76.78,80.0,76.78,80.0,4.1938004688721,31157.0
2019-08-09 00:00:00,77.0,77.0,77.0,77.0,0.0,15400.0
2019-08-14 00:00:00,80.0,80.0,77.65,79.0,-1.2499999999999956,95408.0
2019-08-15 00:00:00,79.9,84.89,75.99,84.89,6.245306633291614,71178.0
2019-08-16 00:00:00,79.99,80.0,79.8,80.0,0.01250156269534397,39978.0
2019-08-19 00:00:00,84.8,84.8,78.0,81.0,-4.481132075471694,176040.0
2019-08-20 00:00:00,79.16,79.16,78.0,78.9,-0.3284487114704304,23606.0
2019-08-22 00:00:00,74.0,77.99,74.0,77.99,5.391891891891887,15199.0
2019-08-23 00:00:00,78.0,78.0,78.0,78.0,0.0,15600.0
2019-09-03 00:00:00,77.0,78.0,74.0,78.0,1.298701298701288,60498.0
2019-09-04 00:00:00,73.0,78.0,73.0,78.0,6.849315068493156,81999.0
2019-09-09 00:00:00,74.02,74.99,70.0,74.99,1.3104566333423495,57486.0
2019-09-10 00:00:00,75.0,75.0,75.0,75.0,0.0,7500.0
2019-09-11 00:00:00,75.0,75.0,75.0,75.0,0.0,30000.0
2019-09-12 00:00:00,75.0,77.0,74.0,77.0,2.6666666666666616,82300.0
2019-09-20 00:00:00,77.0,77.0,77.0,77.0,0.0,15400.0
2019-09-23 00:00:00,75.0,75.0,75.0,75.0,0.0,7500.0
2019-09-24 00:00:00,76.4,76.98,76.4,76.98,0.7591623036649287,15338.0
2019-09-25 00:00:00,79.0,79.0,79.0,79.0,0.0,7900.0
2019-09-27 00:00:00,75.0,77.5,75.0,77.5,3.3333333333333437,23000.0
2019-09-30 00:00:00,75.0,77.18,73.0,77.18,2.9066666666666796,37537.0
2019-10-03 00:00:00,73.0,77.9,73.0,77.9,6.712328767123288,44290.0
2019-10-09 00:00:00,74.0,76.98,74.0,76.98,4.027027027027041,44698.0
2019-10-18 00:00:00,73.01,79.9,73.01,79.9,9.437063415970414,45193.0
2019-10-28 00:00:00,75.0,78.0,75.0,75.5,0.6666666666666599,83050.0
2019-10-29 00:00:00,79.0,79.0,79.0,79.0,0.0,31600.0
2019-10-30 00:00:00,78.5,79.0,78.5,79.0,0.6369426751592355,15750.0
2019-11-04 00:00:00,79.0,79.0,79.0,79.0,0.0,7900.0
2019-11-12 00:00:00,78.99,78.99,78.99,78.99,0.0,23697.0
2019-11-13 00:00:00,78.0,78.0,76.5,77.0,-1.2820512820512775,69650.0
2019-11-14 00:00:00,78.98,79.9,78.0,79.9,1.164851861230698,62986.0
2019-11-18 00:00:00,79.87,79.88,77.5,77.5,-2.9673218980843963,109573.0
2019-11-22 00:00:00,79.9,79.9,79.9,79.9,0.0,7990.0
2019-11-25 00:00:00,81.0,83.99,81.0,83.99,3.69135802469136,49395.0
2019-11-26 00:00:00,83.0,90.0,83.0,89.0,7.2289156626506035,43700.0
2019-11-27 00:00:00,89.0,95.5,82.0,95.5,7.303370786516861,35650.0
2019-11-28 00:00:00,95.5,95.5,95.5,95.5,0.0,9550.0
2019-11-29 00:00:00,99.9,105.0,99.5,105.0,5.10510510510509,110640.0
2019-12-02 00:00:00,95.0,95.0,87.0,89.0,-6.315789473684208,135234.0
2019-12-03 00:00:00,87.02,94.93,85.11,85.35,-1.9190990576878897,244837.0
2019-12-04 00:00:00,87.99,87.99,87.99,87.99,0.0,8799.0
2019-12-05 00:00:00,90.0,92.0,85.04,92.0,2.2222222222222143,52502.0
2019-12-06 00:00:00,87.9,93.0,87.0,91.0,3.526734926052333,124210.0
2019-12-09 00:00:00,91.0,91.0,91.0,91.0,0.0,9100.0
2019-12-10 00:00:00,92.11,92.11,92.11,92.11,0.0,9211.0
2019-12-12 00:00:00,94.0,94.0,94.0,94.0,0.0,9400.0
2019-12-16 00:00:00,94.0,95.0,93.0,93.0,-1.0638297872340385,111900.0
2019-12-18 00:00:00,94.0,94.0,94.0,94.0,0.0,9400.0
2019-12-19 00:00:00,95.0,95.0,91.0,91.0,-4.210526315789476,55997.0
2019-12-27 00:00:00,94.99,94.99,94.99,94.99,0.0,9499.0
2020-01-02 00:00:00,92.0,94.0,91.51,93.9,2.0652173913043637,92459.0
2020-01-03 00:00:00,94.0,95.99,94.0,95.99,2.117021276595743,18999.0
2020-01-06 00:00:00,94.99,95.0,94.99,95.0,0.01052742393936601,28499.0
2020-01-07 00:00:00,95.0,95.0,95.0,95.0,0.0,9500.0
2020-01-09 00:00:00,97.0,97.0,97.0,97.0,0.0,9700.0
2020-01-14 00:00:00,97.0,98.0,97.0,98.0,1.0309278350515427,48800.0
2020-01-17 00:00:00,96.98,96.98,96.98,96.98,0.0,19396.0
2020-01-20 00:00:00,97.0,97.5,97.0,97.5,0.5154639175257714,38950.0
2020-01-21 00:00:00,97.5,97.5,97.5,97.5,0.0,39000.0
2020-01-22 00:00:00,96.5,99.0,96.5,99.0,2.590673575129543,48750.0
2020-01-24 00:00:00,99.0,99.0,99.0,99.0,0.0,9900.0
2020-01-27 00:00:00,92.0,92.92,91.06,91.07,-1.0108695652173982,82631.0
2020-01-28 00:00:00,98.5,98.5,92.0,96.99,-1.5329949238578777,66150.0
2020-01-29 00:00:00,96.99,96.99,96.99,96.99,0.0,9699.0
2020-02-03 00:00:00,96.99,98.0,91.51,95.99,-1.031034127229613,95814.0
2020-02-04 00:00:00,98.99,98.99,90.0,92.99,-6.061218304879279,184012.0
2020-02-05 00:00:00,96.0,96.0,90.5,90.5,-5.7291666666666625,128458.0
2020-02-06 00:00:00,90.5,90.5,90.5,90.5,0.0,9050.0
2020-02-07 00:00:00,87.81,88.0,87.8,88.0,0.21637626693997714,52721.0
2020-02-14 00:00:00,85.41,87.2,85.0,87.19,2.084065097763732,128872.0
2020-02-17 00:00:00,90.0,90.0,90.0,90.0,0.0,9000.0
2020-02-18 00:00:00,87.0,88.88,84.0,88.88,2.1609195402298775,816214.0
2020-02-19 00:00:00,94.0,94.0,89.76,89.76,-4.5106382978723385,18376.0
2020-02-20 00:00:00,93.88,95.56,90.0,92.5,-1.4699616531742565,247476.0
2020-02-21 00:00:00,95.57,106.29,92.4,106.29,11.216909071884507,257494.0
2020-02-26 00:00:00,96.0,104.0,94.25,94.25,-1.822916666666663,87527.0
2020-02-27 00:00:00,103.92,105.0,103.92,104.97,1.0103926096997728,157281.0
2020-03-02 00:00:00,104.97,109.0,103.0,108.95,3.7915594931885233,212694.0
2020-03-03 00:00:00,109.59,109.59,102.91,109.0,-0.5383702892599707,63641.0
2020-03-04 00:00:00,104.01,109.9,100.15,108.74,4.547639650033641,178385.0
2020-03-05 00:00:00,106.99,106.99,106.99,106.99,0.0,10699.0
2020-03-06 00:00:00,105.0,107.0,105.0,107.0,1.904761904761898,21200.0
2020-03-09 00:00:00,93.14,98.0,93.1,97.99,5.207214945243721,75473.0
2020-03-10 00:00:00,108.97,108.97,100.0,101.0,-7.313939616408183,41297.0
2020-03-11 00:00:00,90.11,90.12,89.0,90.0,-0.12207302186216795,98825.0
2020-03-12 00:00:00,82.52,82.52,82.52,82.52,0.0,132032.0
2020-03-13 00:00:00,88.99,88.99,76.53,86.94,-2.3036296213057583,82402.0
2020-03-17 00:00:00,80.0,80.0,74.01,74.01,-7.487499999999992,116225.0
2020-03-18 00:00:00,74.0,74.0,68.0,68.0,-8.108108108108103,70100.0
2020-03-20 00:00:00,72.99,79.75,72.99,79.75,9.26154267707906,15274.0
2020-03-23 00:00:00,69.0,69.15,68.0,68.0,-1.449275362318836,68900.0
2020-03-24 00:00:00,78.19,78.19,76.9,76.9,-1.6498273436500677,46785.0
2020-03-25 00:00:00,74.79,78.0,74.79,78.0,4.292017649418356,22779.0
2020-03-26 00:00:00,81.0,81.0,81.0,81.0,0.0,8100.0
2020-03-27 00:00:00,79.0,82.99,78.0,82.99,5.050632911392405,239399.0
2020-03-30 00:00:00,79.96,79.96,75.52,78.99,-1.2131065532766327,46593.0
2020-03-31 00:00:00,75.0,79.89,75.0,79.89,6.5199999999999925,15489.0
2020-04-01 00:00:00,73.32,77.0,71.0,71.08,-3.0551009274413454,36573.0
2020-04-02 00:00:00,75.99,77.0,75.99,77.0,1.3291222529280278,22899.0
2020-04-06 00:00:00,79.25,79.29,79.25,79.29,0.0504731861198815,23779.0
2020-04-07 00:00:00,79.24,79.24,79.24,79.24,0.0,7924.0
2020-04-08 00:00:00,74.0,78.5,74.0,78.5,6.0810810810810745,30051.0
2020-04-09 00:00:00,78.5,79.28,78.5,79.28,0.9936305732484163,23628.0
2020-04-14 00:00:00,77.0,79.28,72.1,72.1,-6.363636363636371,99344.0
2020-04-15 00:00:00,76.1,76.1,76.09,76.09,-0.013140604467798411,22828.0
2020-04-16 00:00:00,80.46,80.46,79.99,79.99,-0.5841411881680303,24044.0
